topic_id,subject,name_th,lesson_status,problem_status,lesson_reviewed,problem_reviewed,problem_count,note
bal.grammar.inflection.noun_decline,bal,การแจกนามศัพท์ตามวิภัตติ,todo,todo,none,none,0,
bal.grammar.inflection.syntax,bal,การเรียงคำและความสัมพันธ์ในประโยค,todo,todo,none,none,0,
bal.grammar.inflection.verb_conjugate,bal,การผันกิริยาตามวิภัตติและกาล,todo,todo,none,none,0,
bal.grammar.phonology.alphabet,bal,อักขระและการออกเสียงภาษาบาลี,todo,todo,none,none,0,
bal.grammar.phonology.sandhi,bal,สังยุตตสระและการสนธิ,todo,todo,none,none,0,
bal.reading.passage_read.meaning_context,bal,การตีความข้อความตามบริบท,todo,todo,none,none,0,
bal.reading.passage_read.translate,bal,การแปลข้อความบาลีเป็นไทย,todo,todo,none,none,0,
bal.reading.sentence_read.parse,bal,แยกส่วนประกอบของประโยคเพื่ออ่านให้เข้าใจ,todo,todo,none,none,0,
bal.reading.sentence_read.reference,bal,การหาคำอ้างอิงในข้อความ,todo,todo,none,none,0,
bal.vocab.meaning.core_vocab,bal,คำศัพท์ที่พบบ่อยในคัมภีร์,todo,todo,none,none,0,
bal.vocab.meaning.idiom,bal,สำนวนและคำประสมในภาษาบาลี,todo,todo,none,none,0,
bal.vocab.word_type.nipata,bal,นิบาตและอุปสัค,todo,todo,none,none,0,
bal.vocab.word_type.noun_verb,bal,นามศัพท์และกิริยาศัพท์,todo,todo,none,none,0,
bio.animal_system.behavior.innate,bio,พฤติกรรมที่มีมาแต่กำเนิด,todo,todo,none,none,0,
bio.animal_system.behavior.learned,bio,พฤติกรรมการเรียนรู้และพฤติกรรมทางสังคม,todo,todo,none,none,0,
bio.animal_system.circulation.blood,bio,เลือดและหมู่เลือด,todo,todo,none,none,0,
bio.animal_system.circulation.heart_vessel,bio,หัวใจและหลอดเลือด,todo,todo,none,none,0,
bio.animal_system.circulation.pressure,bio,ความดันเลือดและการควบคุม,todo,todo,none,none,0,
bio.animal_system.digestion.enzyme_absorb,bio,เอนไซม์ย่อยอาหารและการดูดซึม,todo,todo,none,none,0,
bio.animal_system.digestion.organs,bio,อวัยวะและทางเดินอาหาร,todo,todo,none,none,0,
bio.animal_system.endocrine.feedback,bio,การควบคุมแบบป้อนกลับ,todo,todo,none,none,0,
bio.animal_system.endocrine.glands,bio,ต่อมไร้ท่อและฮอร์โมนที่สำคัญ,todo,todo,none,none,0,
bio.animal_system.excretion.balance,bio,การรักษาดุลยภาพของน้ำและเกลือแร่,todo,todo,none,none,0,
bio.animal_system.excretion.kidney,bio,ไตและการสร้างปัสสาวะ,todo,todo,none,none,0,
bio.animal_system.lymph_immune.immunity,bio,ภูมิคุ้มกันแบบไม่จำเพาะและจำเพาะ,todo,todo,none,none,0,
bio.animal_system.lymph_immune.lymph,bio,ระบบน้ำเหลือง,todo,todo,none,none,0,
bio.animal_system.lymph_immune.vaccine,bio,วัคซีนและความผิดปกติของระบบภูมิคุ้มกัน,todo,todo,none,none,0,
bio.animal_system.nervous.cns,bio,ระบบประสาทส่วนกลางและส่วนปลาย,todo,todo,none,none,0,
bio.animal_system.nervous.movement,bio,กล้ามเนื้อและการเคลื่อนที่,todo,todo,none,none,0,
bio.animal_system.nervous.neuron,bio,เซลล์ประสาทและการส่งกระแสประสาท,todo,todo,none,none,0,
bio.animal_system.nervous.sense,bio,อวัยวะรับความรู้สึก,todo,todo,none,none,0,
bio.animal_system.reproduction.development,bio,การปฏิสนธิและการเจริญของเอ็มบริโอ,todo,todo,none,none,0,
bio.animal_system.reproduction.organs,bio,อวัยวะสืบพันธุ์และการสร้างเซลล์สืบพันธุ์,todo,todo,none,none,0,
bio.animal_system.respiration_sys.gas_exchange,bio,การแลกเปลี่ยนแก๊สและการลำเลียงแก๊ส,todo,todo,none,none,0,
bio.animal_system.respiration_sys.organs,bio,อวัยวะและกลไกการหายใจ,todo,todo,none,none,0,
bio.basic_unit.biochem.enzyme,bio,เอนไซม์และปัจจัยที่มีผลต่อการทำงาน,todo,todo,none,none,0,
bio.basic_unit.biochem.macromolecule,bio,สารชีวโมเลกุลทั้งสี่ประเภท,todo,todo,none,none,0,
bio.basic_unit.biochem.water_ion,bio,น้ำและไอออนที่จำเป็นต่อสิ่งมีชีวิต,todo,todo,none,none,0,
bio.basic_unit.cell.division,bio,การแบ่งเซลล์แบบไมโทซิสและไมโอซิส,todo,todo,none,none,0,
bio.basic_unit.cell.membrane,bio,เยื่อหุ้มเซลล์และการลำเลียงสาร,todo,todo,none,none,0,
bio.basic_unit.cell.organelle,bio,ออร์แกเนลล์และหน้าที่,todo,todo,none,none,0,
bio.basic_unit.cell.respiration,bio,การหายใจระดับเซลล์,todo,todo,none,none,0,
bio.diversity_env.ecosystem.biome,bio,ไบโอมบนบกและในน้ำ,todo,todo,none,none,0,
bio.diversity_env.ecosystem.components,bio,องค์ประกอบของระบบนิเวศและความสัมพันธ์,todo,todo,none,none,0,
bio.diversity_env.ecosystem.cycle,bio,วัฏจักรสารในระบบนิเวศ,todo,todo,none,none,0,
bio.diversity_env.ecosystem.energy_flow,bio,การถ่ายทอดพลังงานและสายใยอาหาร,todo,todo,none,none,0,
bio.diversity_env.population.growth,bio,การเติบโตของประชากรและปัจจัยจำกัด,todo,todo,none,none,0,
bio.diversity_env.population.structure,bio,โครงสร้างอายุและการรอดชีวิต,todo,todo,none,none,0,
bio.diversity_env.resources.problem,bio,ปัญหาสิ่งแวดล้อมและการแก้ไข,todo,todo,none,none,0,
bio.diversity_env.resources.types,bio,ประเภทของทรัพยากรและการใช้อย่างยั่งยืน,todo,todo,none,none,0,
bio.diversity_env.taxonomy.classification,bio,หลักการจัดหมวดหมู่และลำดับขั้น,todo,todo,none,none,0,
bio.diversity_env.taxonomy.kingdoms,bio,อาณาจักรของสิ่งมีชีวิตและลักษณะเด่น,todo,todo,none,none,0,
bio.diversity_env.taxonomy.naming,bio,การเรียกชื่อวิทยาศาสตร์,todo,todo,none,none,0,
bio.genetics.dna_tech.application,bio,การประยุกต์ใช้และประเด็นทางจริยธรรม,todo,todo,none,none,0,
bio.genetics.dna_tech.methods,bio,เทคนิคพื้นฐานทางพันธุวิศวกรรม,todo,todo,none,none,0,
bio.genetics.evolution.evidence,bio,หลักฐานและกลไกของวิวัฒนาการ,todo,todo,none,none,0,
bio.genetics.evolution.hardy_weinberg,bio,พันธุศาสตร์ประชากรและสมดุลฮาร์ดี-ไวน์เบิร์ก,todo,todo,none,none,0,
bio.genetics.evolution.speciation,bio,การเกิดสปีชีส์ใหม่,todo,todo,none,none,0,
bio.genetics.genetic_material.dna,bio,โครงสร้างดีเอ็นเอและการจำลองตัวเอง,todo,todo,none,none,0,
bio.genetics.genetic_material.gene_control,bio,การควบคุมการแสดงออกของยีน,todo,todo,none,none,0,
bio.genetics.genetic_material.transcription,bio,การถอดรหัสและการแปลรหัส,todo,todo,none,none,0,
bio.genetics.inheritance.beyond_mendel,bio,การถ่ายทอดที่ไม่เป็นไปตามกฎของเมนเดล,todo,todo,none,none,0,
bio.genetics.inheritance.mendel,bio,กฎของเมนเดลและการผสมพันธุ์,todo,todo,none,none,0,
bio.genetics.inheritance.ratio,bio,การคำนวณอัตราส่วนลักษณะและตารางผสม,todo,todo,none,none,0,
bio.genetics.inheritance.sex_linked,bio,ยีนบนโครโมโซมเพศและแผนภาพพงศาวลี,todo,todo,none,none,0,
bio.genetics.mutation.chromosome,bio,ความผิดปกติของโครโมโซม,todo,todo,none,none,0,
bio.genetics.mutation.gene_mutation,bio,การกลายของยีน,todo,todo,none,none,0,
bio.plant.photosynthesis.carbon_fix,bio,การตรึงคาร์บอนและพืช C3 C4 CAM,todo,todo,none,none,0,
bio.plant.photosynthesis.factors,bio,ปัจจัยที่มีผลต่อการสังเคราะห์ด้วยแสง,todo,todo,none,none,0,
bio.plant.photosynthesis.light_reaction,bio,ปฏิกิริยาที่ต้องใช้แสง,todo,todo,none,none,0,
bio.plant.plant_growth.hormone,bio,ฮอร์โมนพืช,todo,todo,none,none,0,
bio.plant.plant_growth.response,bio,การตอบสนองต่อสิ่งเร้าและช่วงแสง,todo,todo,none,none,0,
bio.plant.plant_reproduction.flower,bio,โครงสร้างดอกและการถ่ายเรณู,todo,todo,none,none,0,
bio.plant.plant_reproduction.seed_fruit,bio,การปฏิสนธิ เมล็ด และผล,todo,todo,none,none,0,
bio.plant.plant_tissue.organs,bio,โครงสร้างราก ลำต้น และใบ,todo,todo,none,none,0,
bio.plant.plant_tissue.tissue,bio,เนื้อเยื่อพืชและหน้าที่,todo,todo,none,none,0,
bio.plant.transport.food_transport,bio,การลำเลียงอาหาร,todo,todo,none,none,0,
bio.plant.transport.stomata,bio,ปากใบ การแลกเปลี่ยนแก๊ส และการคายน้ำ,todo,todo,none,none,0,
bio.plant.transport.water_transport,bio,การลำเลียงน้ำและแร่ธาตุ,todo,todo,none,none,0,
chem.lab_calculation.lab_safety.equipment,chem,อุปกรณ์และเทคนิคพื้นฐาน,todo,todo,none,none,0,
chem.lab_calculation.lab_safety.safety,chem,ความปลอดภัยและสัญลักษณ์เตือนภัยในห้องปฏิบัติการ,todo,todo,none,none,0,
chem.lab_calculation.lab_safety.significant,chem,เลขนัยสำคัญและการรายงานผลการวัด,todo,todo,none,none,0,
chem.lab_calculation.mole.concept,chem,มวลอะตอม มวลโมเลกุล และโมล,todo,todo,none,none,0,
chem.lab_calculation.mole.conversion,chem,การแปลงระหว่างมวล โมล และจำนวนอนุภาค,todo,todo,none,none,0,
chem.lab_calculation.mole.formula,chem,สูตรเอมพิริคัลและสูตรโมเลกุล,todo,todo,none,none,0,
chem.lab_calculation.solution.colligative,chem,สมบัติคอลลิเกทีฟเบื้องต้น,todo,todo,none,none,0,
chem.lab_calculation.solution.concentration,chem,หน่วยความเข้มข้นของสารละลาย,todo,todo,none,none,0,
chem.lab_calculation.solution.dilution,chem,การเตรียมและการเจือจางสารละลาย,todo,todo,none,none,0,
chem.properties.atom.config,chem,การจัดเรียงอิเล็กตรอนและระดับพลังงาน,todo,todo,none,none,0,
chem.properties.atom.isotope,chem,ไอโซโทปและมวลอะตอม,todo,todo,none,none,0,
chem.properties.atom.periodic,chem,ตารางธาตุและแนวโน้มตามหมู่และคาบ,todo,todo,none,none,0,
chem.properties.atom.structure,chem,โครงสร้างอะตอมและอนุภาคมูลฐาน,todo,todo,none,none,0,
chem.properties.bonding.covalent,chem,พันธะโคเวเลนต์และรูปร่างโมเลกุล,todo,todo,none,none,0,
chem.properties.bonding.intermolecular,chem,แรงยึดเหนี่ยวระหว่างโมเลกุล,todo,todo,none,none,0,
chem.properties.bonding.ionic,chem,พันธะไอออนิกและสมบัติของสารประกอบไอออนิก,todo,todo,none,none,0,
chem.properties.bonding.metallic,chem,พันธะโลหะและสมบัติของโลหะ,todo,todo,none,none,0,
chem.properties.gas.diffusion,chem,การแพร่และการแพร่ผ่านของแก๊ส,todo,todo,none,none,0,
chem.properties.gas.laws,chem,กฎของแก๊สและสมการแก๊สอุดมคติ,todo,todo,none,none,0,
chem.properties.gas.mixture,chem,ความดันย่อยและแก๊สผสม,todo,todo,none,none,0,
chem.properties.organic.functional_group,chem,หมู่ฟังก์ชันและสมบัติ,todo,todo,none,none,0,
chem.properties.organic.hydrocarbon,chem,สารประกอบไฮโดรคาร์บอนและการเรียกชื่อ,todo,todo,none,none,0,
chem.properties.organic.isomer,chem,ไอโซเมอร์,todo,todo,none,none,0,
chem.properties.organic.reaction,chem,ปฏิกิริยาของสารประกอบอินทรีย์,todo,todo,none,none,0,
chem.properties.polymer.properties_use,chem,สมบัติ การใช้งาน และผลต่อสิ่งแวดล้อม,todo,todo,none,none,0,
chem.properties.polymer.types,chem,ชนิดของพอลิเมอร์และการเกิดพอลิเมอร์,todo,todo,none,none,0,
chem.reaction.acid_base.buffer,chem,สารละลายบัฟเฟอร์,todo,todo,none,none,0,
chem.reaction.acid_base.ph,chem,ค่า pH และการคำนวณความเข้มข้นไอออน,todo,todo,none,none,0,
chem.reaction.acid_base.theory,chem,ทฤษฎีกรด-เบสและคู่กรด-เบส,todo,todo,none,none,0,
chem.reaction.acid_base.titration,chem,การไทเทรตและอินดิเคเตอร์,todo,todo,none,none,0,
chem.reaction.electrochem.cell,chem,เซลล์กัลวานิกและศักย์ไฟฟ้าของเซลล์,todo,todo,none,none,0,
chem.reaction.electrochem.electrolysis,chem,เซลล์อิเล็กโทรลิติกและการชุบโลหะ,todo,todo,none,none,0,
chem.reaction.electrochem.redox,chem,ปฏิกิริยารีดอกซ์และเลขออกซิเดชัน,todo,todo,none,none,0,
chem.reaction.equilibrium.calculation,chem,การคำนวณที่ภาวะสมดุล,todo,todo,none,none,0,
chem.reaction.equilibrium.concept,chem,ภาวะสมดุลและค่าคงที่สมดุล,todo,todo,none,none,0,
chem.reaction.equilibrium.shift,chem,หลักของเลอชาเตอลิเอและการรบกวนสมดุล,todo,todo,none,none,0,
chem.reaction.rate.definition,chem,ความหมายและการวัดอัตราการเกิดปฏิกิริยา,todo,todo,none,none,0,
chem.reaction.rate.factors,chem,ปัจจัยที่มีผลต่ออัตราการเกิดปฏิกิริยา,todo,todo,none,none,0,
chem.reaction.rate.rate_law,chem,กฎอัตราและอันดับของปฏิกิริยา,todo,todo,none,none,0,
chem.reaction.stoichiometry.balance,chem,การดุลสมการเคมี,todo,todo,none,none,0,
chem.reaction.stoichiometry.limiting,chem,สารกำหนดปริมาณและผลได้ร้อยละ,todo,todo,none,none,0,
chem.reaction.stoichiometry.mass_relation,chem,ความสัมพันธ์ของปริมาณสารในปฏิกิริยา,todo,todo,none,none,0,
chn.grammar.sentence.basic,chn,รูปประโยคบอกเล่า ปฏิเสธ และคำถาม,todo,todo,none,none,0,
chn.grammar.sentence.complex,chn,ประโยคซ้อนและคำเชื่อม,todo,todo,none,none,0,
chn.grammar.word_class.modifier,chn,คำคุณศัพท์และคำวิเศษณ์,todo,todo,none,none,0,
chn.grammar.word_class.noun_pronoun,chn,คำนามและคำสรรพนาม,todo,todo,none,none,0,
chn.grammar.word_class.verb,chn,คำกริยาและการเปลี่ยนรูป,todo,todo,none,none,0,
chn.reading.comprehension.infer,chn,อนุมานจากบทอ่าน,todo,todo,none,none,0,
chn.reading.comprehension.passage,chn,บทอ่านและการจับใจความ,todo,todo,none,none,0,
chn.reading.comprehension.short_text,chn,ข้อความสั้น ป้าย และประกาศ,todo,todo,none,none,0,
chn.reading.culture.daily_culture,chn,วิถีชีวิต ธรรมเนียม และเทศกาล,todo,todo,none,none,0,
chn.reading.culture.etiquette,chn,มารยาทและข้อควรระวังในการสื่อสาร,todo,todo,none,none,0,
chn.reading.script.character,chn,อักษรจีนที่ใช้บ่อยและการจำรูป,todo,todo,none,none,0,
chn.reading.script.pinyin,chn,พินอินและการออกเสียงวรรณยุกต์,todo,todo,none,none,0,
chn.vocab.core_vocab.daily,chn,คำศัพท์เรื่องกิจวัตร ครอบครัว และที่อยู่,todo,todo,none,none,0,
chn.vocab.core_vocab.service,chn,คำศัพท์เรื่องซื้อของ อาหาร และการเดินทาง,todo,todo,none,none,0,
chn.vocab.expression.function,chn,ขอร้อง ขออนุญาต ขอบคุณ และขอโทษ,todo,todo,none,none,0,
chn.vocab.expression.greeting,chn,ทักทาย แนะนำตัว และกล่าวลา,todo,todo,none,none,0,
chn.vocab.expression.politeness,chn,ระดับความสุภาพและการเลือกใช้,todo,todo,none,none,0,
deu.reading.long_text.infer_tone,deu,อนุมานและน้ำเสียงของผู้เขียน,todo,todo,none,none,0,
deu.reading.long_text.main_idea,deu,จับใจความและหาข้อมูลเฉพาะจุด,todo,todo,none,none,0,
deu.reading.long_text.vocab_context,deu,เดาความหมายคำจากบริบท,todo,todo,none,none,0,
deu.reading.short_text.message,deu,ข้อความและจดหมายสั้น,todo,todo,none,none,0,
deu.reading.short_text.sign_ad,deu,ป้าย ประกาศ และโฆษณา,todo,todo,none,none,0,
deu.vocab.core_vocab.daily,deu,คำศัพท์เรื่องกิจวัตร ครอบครัว และที่อยู่,todo,todo,none,none,0,
deu.vocab.core_vocab.service,deu,คำศัพท์เรื่องการซื้อของ อาหาร และเดินทาง,todo,todo,none,none,0,
deu.vocab.expression.function,deu,วลีสื่อสารที่ใช้บ่อย,todo,todo,none,none,0,
deu.vocab.expression.politeness,deu,ระดับความสุภาพ du และ Sie,todo,todo,none,none,0,
deu.writing.grammar_form.adjective_ending,deu,การลงท้ายคำคุณศัพท์,todo,todo,none,none,0,
deu.writing.grammar_form.case,deu,การกและการผันคำนาม,todo,todo,none,none,0,
deu.writing.grammar_form.verb_conjugation,deu,การผันกริยาและกาล,todo,todo,none,none,0,
deu.writing.sentence_build.conjunction,deu,คำสันธานและประโยคซ้อน,todo,todo,none,none,0,
deu.writing.sentence_build.paragraph,deu,เรียงประโยคให้เป็นย่อหน้า,todo,todo,none,none,0,
deu.writing.sentence_build.word_order,deu,ลำดับคำในประโยคเยอรมัน,todo,todo,none,none,0,
eng.listen_speak.long_conv.implied,eng,ความหมายแฝงและการตอบเลี่ยง,todo,todo,none,none,0,
eng.listen_speak.long_conv.track,eng,ติดตามเนื้อความข้ามหลายบทพูด,todo,todo,none,none,0,
eng.listen_speak.short_conv.context,eng,อ่านบริบทก่อนและหลังช่องว่าง,todo,todo,none,none,0,
eng.listen_speak.short_conv.function,eng,วลีสื่อสารที่ออกบ่อยในบทสนทนาสั้น,todo,todo,none,none,0,
eng.reading.advertisement.persuasive_language,eng,ภาษาโน้มน้าวและคำที่ต้องอ่านให้ละเอียด,todo,todo,none,none,0,
eng.reading.advertisement.structure,eng,โครงของโฆษณาและการหาข้อมูลสำคัญ,todo,todo,none,none,0,
eng.reading.general_article.inference,eng,อนุมานจากบทอ่าน,todo,todo,none,none,0,
eng.reading.general_article.main_idea,eng,ใจความหลักและการตั้งชื่อเรื่อง,todo,todo,none,none,0,
eng.reading.general_article.organization,eng,โครงเรื่องและหน้าที่ของย่อหน้า,todo,todo,none,none,0,
eng.reading.general_article.vocab_context,eng,เดาความหมายคำจากบริบท,todo,todo,none,none,0,
eng.reading.graphic.read_chart,eng,อ่านกราฟ ตาราง และแผนภูมิในบทความ,todo,todo,none,none,0,
eng.reading.graphic.text_graphic,eng,เชื่อมข้อมูลในภาพกับเนื้อความ,todo,todo,none,none,0,
eng.reading.news.five_w,eng,หาใคร ทำอะไร ที่ไหน เมื่อไร อย่างไร,todo,todo,none,none,0,
eng.reading.news.source_bias,eng,น้ำเสียงและความเอนเอียงของข่าว,todo,todo,none,none,0,
eng.reading.review.opinion,eng,แยกข้อเท็จจริงจากความเห็นในบทวิจารณ์,todo,todo,none,none,0,
eng.reading.review.rating,eng,สรุปข้อดีข้อเสียและคำแนะนำของผู้เขียน,todo,todo,none,none,0,
eng.writing.complete_article.collocation,eng,คำที่ใช้คู่กันและการเลือกคำ,todo,todo,none,none,0,
eng.writing.complete_article.connector,eng,ตัวเชื่อมความและความสัมพันธ์ระหว่างประโยค,todo,todo,none,none,0,
eng.writing.complete_article.grammar_context,eng,เลือกรูปคำให้ถูกไวยากรณ์ตามบริบท,todo,todo,none,none,0,
eng.writing.paragraph_order.cohesion,eng,ใช้คำอ้างถึงและตัวเชื่อมเพื่อจัดลำดับ,todo,todo,none,none,0,
eng.writing.paragraph_order.topic_sentence,eng,หาประโยคใจความหลักของย่อหน้า,todo,todo,none,none,0,
esp.grammar.sentence.basic,esp,รูปประโยคบอกเล่า ปฏิเสธ และคำถาม,todo,todo,none,none,0,
esp.grammar.sentence.complex,esp,ประโยคซ้อนและคำเชื่อม,todo,todo,none,none,0,
esp.grammar.word_class.modifier,esp,คำคุณศัพท์และคำวิเศษณ์,todo,todo,none,none,0,
esp.grammar.word_class.noun_pronoun,esp,คำนามและคำสรรพนาม,todo,todo,none,none,0,
esp.grammar.word_class.verb,esp,คำกริยาและการเปลี่ยนรูป,todo,todo,none,none,0,
esp.reading.comprehension.infer,esp,อนุมานจากบทอ่าน,todo,todo,none,none,0,
esp.reading.comprehension.passage,esp,บทอ่านและการจับใจความ,todo,todo,none,none,0,
esp.reading.comprehension.short_text,esp,ข้อความสั้น ป้าย และประกาศ,todo,todo,none,none,0,
esp.reading.culture.daily_culture,esp,วิถีชีวิต ธรรมเนียม และเทศกาล,todo,todo,none,none,0,
esp.reading.culture.etiquette,esp,มารยาทและข้อควรระวังในการสื่อสาร,todo,todo,none,none,0,
esp.vocab.core_vocab.daily,esp,คำศัพท์เรื่องกิจวัตร ครอบครัว และที่อยู่,todo,todo,none,none,0,
esp.vocab.core_vocab.service,esp,คำศัพท์เรื่องซื้อของ อาหาร และการเดินทาง,todo,todo,none,none,0,
esp.vocab.expression.function,esp,ขอร้อง ขออนุญาต ขอบคุณ และขอโทษ,todo,todo,none,none,0,
esp.vocab.expression.greeting,esp,ทักทาย แนะนำตัว และกล่าวลา,todo,todo,none,none,0,
esp.vocab.expression.politeness,esp,ระดับความสุภาพและการเลือกใช้,todo,todo,none,none,0,
fra.communication.daily_situation.greeting,fra,ทักทาย แนะนำตัว และกล่าวลา,todo,todo,none,none,0,
fra.communication.daily_situation.opinion,fra,แสดงความเห็นและความรู้สึก,todo,todo,none,none,0,
fra.communication.daily_situation.request,fra,ขอร้อง ขออนุญาต และเสนอความช่วยเหลือ,todo,todo,none,none,0,
fra.communication.daily_situation.service,fra,ร้านค้า ร้านอาหาร และการเดินทาง,todo,todo,none,none,0,
fra.communication.vocab_idiom.core_vocab,fra,คลังคำศัพท์พื้นฐานที่ออกสอบบ่อย,todo,todo,none,none,0,
fra.communication.vocab_idiom.idiom,fra,สำนวนที่ใช้ในชีวิตประจำวัน,todo,todo,none,none,0,
fra.culture.culture_knowledge.daily_culture,fra,วิถีชีวิต อาหาร และเทศกาล,todo,todo,none,none,0,
fra.culture.culture_knowledge.geography_history,fra,ภูมิศาสตร์และประวัติศาสตร์โดยสังเขป,todo,todo,none,none,0,
fra.grammar.noun_article.adjective,fra,คำคุณศัพท์และการวางตำแหน่ง,todo,todo,none,none,0,
fra.grammar.noun_article.article,fra,คำนำหน้านามชนิดต่าง ๆ,todo,todo,none,none,0,
fra.grammar.noun_article.gender_number,fra,เพศและพจน์ของคำนาม,todo,todo,none,none,0,
fra.grammar.sentence.preposition,fra,คำบุพบทและคำเชื่อม,todo,todo,none,none,0,
fra.grammar.sentence.pronoun,fra,สรรพนามและคำแทน,todo,todo,none,none,0,
fra.grammar.verb.past_future,fra,อดีตกาลและอนาคตกาล,todo,todo,none,none,0,
fra.grammar.verb.present,fra,การผันกริยาในปัจจุบันกาล,todo,todo,none,none,0,
fra.grammar.verb.pronominal,fra,กริยาสรรพนามและรูปปฏิเสธ,todo,todo,none,none,0,
fra.reading.passage.infer,fra,อนุมานจากบทอ่าน,todo,todo,none,none,0,
fra.reading.passage.main_idea,fra,จับใจความและหาข้อมูลเฉพาะจุด,todo,todo,none,none,0,
fra.reading.short_text.message,fra,ข้อความ อีเมล และโพสต์,todo,todo,none,none,0,
fra.reading.short_text.sign_notice,fra,ป้าย ประกาศ และข้อความสั้น,todo,todo,none,none,0,
fra.writing.complete.connector,fra,ตัวเชื่อมความและลำดับข้อความ,todo,todo,none,none,0,
fra.writing.complete.word_form,fra,เลือกรูปคำให้ถูกตามบริบท,todo,todo,none,none,0,
fra.writing.compose.order,fra,เรียงประโยคให้เป็นย่อหน้า,todo,todo,none,none,0,
fra.writing.compose.register,fra,ระดับภาษาในการเขียนที่เหมาะกับผู้รับ,todo,todo,none,none,0,
jpn.communication.greeting_function.daily_function,jpn,ขอร้อง ขออนุญาต ขอบคุณ และขอโทษ,todo,todo,none,none,0,
jpn.communication.greeting_function.greeting,jpn,สำนวนทักทายในสถานการณ์ต่าง ๆ,todo,todo,none,none,0,
jpn.communication.situation.honorific,jpn,ระดับภาษาและคำยกย่องถ่อมตน,todo,todo,none,none,0,
jpn.communication.situation.school_work,jpn,โรงเรียนและที่ทำงาน,todo,todo,none,none,0,
jpn.communication.situation.service,jpn,ร้านค้า ร้านอาหาร และการเดินทาง,todo,todo,none,none,0,
jpn.grammar.particle.case_particle,jpn,คำช่วยชี้หน้าที่ของคำในประโยค,todo,todo,none,none,0,
jpn.grammar.particle.topic_particle,jpn,คำช่วยชี้หัวเรื่องและการเน้น,todo,todo,none,none,0,
jpn.grammar.sentence_pattern.basic,jpn,รูปประโยคบอกเล่า ปฏิเสธ และคำถาม,todo,todo,none,none,0,
jpn.grammar.sentence_pattern.modifier,jpn,การขยายคำนามและคำคุณศัพท์,todo,todo,none,none,0,
jpn.grammar.verb.form,jpn,รูปกริยาและการผัน,todo,todo,none,none,0,
jpn.grammar.verb.tense_polite,jpn,กาลและระดับความสุภาพของกริยา,todo,todo,none,none,0,
jpn.grammar.verb.transitive,jpn,อกรรมกริยาและสกรรมกริยา,todo,todo,none,none,0,
jpn.reading.comprehension.infer,jpn,อนุมานและความหมายแฝง,todo,todo,none,none,0,
jpn.reading.comprehension.passage,jpn,บทอ่านและการจับใจความ,todo,todo,none,none,0,
jpn.reading.comprehension.short_text,jpn,ข้อความสั้นและป้ายประกาศ,todo,todo,none,none,0,
jpn.reading.script.kana,jpn,ฮิรางานะและคาตาคานะ,todo,todo,none,none,0,
jpn.reading.script.kanji,jpn,คันจิที่ใช้บ่อยและการอ่าน,todo,todo,none,none,0,
jpn.writing.compose.fill,jpn,เติมข้อความให้สมบูรณ์,todo,todo,none,none,0,
jpn.writing.compose.order,jpn,เรียงประโยคให้เป็นย่อหน้า,todo,todo,none,none,0,
jpn.writing.conjunction.contrast,jpn,ประโยคขัดแย้งและการใช้คำสันธาน,todo,todo,none,none,0,
jpn.writing.conjunction.sequence_cause,jpn,การลำดับความและการบอกเหตุผล,todo,todo,none,none,0,
kor.grammar.sentence.basic,kor,รูปประโยคบอกเล่า ปฏิเสธ และคำถาม,todo,todo,none,none,0,
kor.grammar.sentence.complex,kor,ประโยคซ้อนและคำเชื่อม,todo,todo,none,none,0,
kor.grammar.word_class.modifier,kor,คำคุณศัพท์และคำวิเศษณ์,todo,todo,none,none,0,
kor.grammar.word_class.noun_pronoun,kor,คำนามและคำสรรพนาม,todo,todo,none,none,0,
kor.grammar.word_class.verb,kor,คำกริยาและการเปลี่ยนรูป,todo,todo,none,none,0,
kor.reading.comprehension.infer,kor,อนุมานจากบทอ่าน,todo,todo,none,none,0,
kor.reading.comprehension.passage,kor,บทอ่านและการจับใจความ,todo,todo,none,none,0,
kor.reading.comprehension.short_text,kor,ข้อความสั้น ป้าย และประกาศ,todo,todo,none,none,0,
kor.reading.culture.daily_culture,kor,วิถีชีวิต ธรรมเนียม และเทศกาล,todo,todo,none,none,0,
kor.reading.culture.etiquette,kor,มารยาทและข้อควรระวังในการสื่อสาร,todo,todo,none,none,0,
kor.reading.script.hangul,kor,ฮันกึลและการประสมอักษร,todo,todo,none,none,0,
kor.reading.script.pronunciation,kor,กฎการออกเสียงที่มีผลต่อการอ่าน,todo,todo,none,none,0,
kor.vocab.core_vocab.daily,kor,คำศัพท์เรื่องกิจวัตร ครอบครัว และที่อยู่,todo,todo,none,none,0,
kor.vocab.core_vocab.service,kor,คำศัพท์เรื่องซื้อของ อาหาร และการเดินทาง,todo,todo,none,none,0,
kor.vocab.expression.function,kor,ขอร้อง ขออนุญาต ขอบคุณ และขอโทษ,todo,todo,none,none,0,
kor.vocab.expression.greeting,kor,ทักทาย แนะนำตัว และกล่าวลา,todo,todo,none,none,0,
kor.vocab.expression.politeness,kor,ระดับความสุภาพและการเลือกใช้,todo,todo,none,none,0,
math.geometry.pythagoras,math,ทฤษฎีบทพีทาโกรัส,todo,todo,none,none,0,พื้นฐาน ม.ต้น
math.geometry.triangle_basic,math,สมบัติพื้นฐานของสามเหลี่ยม,todo,todo,none,none,0,
math.trig.ratio,math,อัตราส่วนตรีโกณมิติ,todo,todo,none,none,0,
math.trig.sine_law,math,กฎของไซน์,done,done,none,none,1,ไฟล์ตัวอย่างสำหรับทดสอบสคริปต์
math1.calculus.calculus_intro.derivative,math1,อนุพันธ์และกฎการหาอนุพันธ์,todo,todo,none,none,0,
math1.calculus.calculus_intro.derivative_app,math1,การประยุกต์อนุพันธ์ หาค่าสูงสุดต่ำสุด,todo,todo,none,none,0,
math1.calculus.calculus_intro.integral,math1,ปริพันธ์และพื้นที่ใต้โค้ง,todo,todo,none,none,0,
math1.calculus.calculus_intro.limit,math1,ลิมิตและความต่อเนื่อง,todo,todo,none,none,0,
math1.measure_geometry.analytic_geometry.circle,math1,วงกลมและสมการวงกลม,todo,todo,none,none,0,
math1.measure_geometry.analytic_geometry.conic,math1,พาราโบลา วงรี และไฮเพอร์โบลา,todo,todo,none,none,0,
math1.measure_geometry.analytic_geometry.line_distance,math1,จุด เส้นตรง และระยะทาง,todo,todo,none,none,0,
math1.measure_geometry.vector_3d.application,math1,การประยุกต์เวกเตอร์กับเรขาคณิต,todo,todo,none,none,0,
math1.measure_geometry.vector_3d.basics,math1,เวกเตอร์และการดำเนินการเบื้องต้น,todo,todo,none,none,0,
math1.measure_geometry.vector_3d.dot_cross,math1,ผลคูณเชิงสเกลาร์และผลคูณเชิงเวกเตอร์,todo,todo,none,none,0,
math1.number_algebra.complex.basics,math1,รูปทั่วไปและการดำเนินการของจำนวนเชิงซ้อน,todo,todo,none,none,0,
math1.number_algebra.complex.polar,math1,รูปเชิงขั้วและทฤษฎีบทเดอมัวฟ์,todo,todo,none,none,0,
math1.number_algebra.complex.root_equation,math1,รากของสมการที่เป็นจำนวนเชิงซ้อน,todo,todo,none,none,0,
math1.number_algebra.exp_log.exp_function,math1,ฟังก์ชันเอกซ์โพเนนเชียลและกราฟ,todo,todo,none,none,0,
math1.number_algebra.exp_log.exp_log_equation,math1,สมการและอสมการเอกซ์โพเนนเชียลและลอการิทึม,todo,todo,none,none,0,
math1.number_algebra.exp_log.exponent_rules,math1,เลขยกกำลังและรากที่ n,todo,todo,none,none,0,
math1.number_algebra.exp_log.log_rules,math1,สมบัติของลอการิทึม,todo,todo,none,none,0,
math1.number_algebra.function.composite,math1,ฟังก์ชันประกอบและฟังก์ชันผกผัน,todo,todo,none,none,0,
math1.number_algebra.function.definition,math1,ความหมาย โดเมน และเรนจ์,todo,todo,none,none,0,
math1.number_algebra.function.graph,math1,กราฟของฟังก์ชันและการเลื่อนกราฟ,todo,todo,none,none,0,
math1.number_algebra.logic.connectives,math1,ตัวเชื่อมและตารางค่าความจริง,todo,todo,none,none,0,
math1.number_algebra.logic.equivalence,math1,สมมูลและนิเสธ,todo,todo,none,none,0,
math1.number_algebra.logic.proposition,math1,ประพจน์และค่าความจริง,todo,todo,none,none,0,
math1.number_algebra.logic.quantifier,math1,ตัวบ่งปริมาณและการอ้างเหตุผล,todo,todo,none,none,0,
math1.number_algebra.matrix.determinant,math1,ดีเทอร์มิแนนต์และเมทริกซ์ผกผัน,todo,todo,none,none,0,
math1.number_algebra.matrix.linear_system,math1,การแก้ระบบสมการเชิงเส้นด้วยเมทริกซ์,todo,todo,none,none,0,
math1.number_algebra.matrix.operations,math1,การดำเนินการของเมทริกซ์,todo,todo,none,none,0,
math1.number_algebra.real_polynomial.absolute,math1,ค่าสัมบูรณ์ในสมการและอสมการ,todo,todo,none,none,0,
math1.number_algebra.real_polynomial.equation,math1,สมการพหุนามและทฤษฎีบทเศษเหลือ,todo,todo,none,none,0,
math1.number_algebra.real_polynomial.inequality,math1,อสมการและการแก้อสมการ,todo,todo,none,none,0,
math1.number_algebra.real_polynomial.properties,math1,สมบัติของจำนวนจริงและการแยกตัวประกอบ,todo,todo,none,none,0,
math1.number_algebra.sequence_series.arithmetic,math1,ลำดับและอนุกรมเลขคณิต,todo,todo,none,none,0,
math1.number_algebra.sequence_series.geometric,math1,ลำดับและอนุกรมเรขาคณิต,todo,todo,none,none,0,
math1.number_algebra.sequence_series.infinite,math1,อนุกรมอนันต์และการลู่เข้า,todo,todo,none,none,0,
math1.number_algebra.sequence_series.sigma,math1,สัญลักษณ์ซิกมาและผลบวกที่ใช้บ่อย,todo,todo,none,none,0,
math1.number_algebra.set.basics,math1,ความหมาย สัญลักษณ์ และการเขียนแทนเซต,todo,todo,none,none,0,
math1.number_algebra.set.cardinality,math1,จำนวนสมาชิกของเซตจำกัดและการนับซ้ำ,todo,todo,none,none,0,
math1.number_algebra.set.operations,math1,การดำเนินการของเซตและแผนภาพเวนน์,todo,todo,none,none,0,
math1.number_algebra.set.word_problem,math1,โจทย์ปัญหาที่ใช้เซตแก้,todo,todo,none,none,0,
math1.number_algebra.trigonometry.equation,math1,สมการตรีโกณมิติ,todo,todo,none,none,0,
math1.number_algebra.trigonometry.identity,math1,เอกลักษณ์และสูตรผลบวกผลต่างมุม,todo,todo,none,none,0,
math1.number_algebra.trigonometry.ratio,math1,อัตราส่วนตรีโกณมิติและวงกลมหนึ่งหน่วย,todo,todo,none,none,0,
math1.number_algebra.trigonometry.triangle_law,math1,กฎของไซน์ กฎของโคไซน์ และการประยุกต์,todo,todo,none,none,0,
math1.stat_probability.counting.combination,math1,การจัดหมู่,todo,todo,none,none,0,
math1.stat_probability.counting.permutation,math1,การเรียงสับเปลี่ยน,todo,todo,none,none,0,
math1.stat_probability.counting.rule,math1,กฎการบวกและกฎการคูณ,todo,todo,none,none,0,
math1.stat_probability.distribution.normal,math1,การแจกแจงปกติและการใช้ตารางมาตรฐาน,todo,todo,none,none,0,
math1.stat_probability.distribution.random_variable,math1,ตัวแปรสุ่มและการแจกแจง,todo,todo,none,none,0,
math1.stat_probability.probability.basics,math1,ความน่าจะเป็นของเหตุการณ์,todo,todo,none,none,0,
math1.stat_probability.probability.compound,math1,เหตุการณ์ร่วมและเหตุการณ์ที่ไม่เกิดร่วมกัน,todo,todo,none,none,0,
math1.stat_probability.probability.conditional,math1,ความน่าจะเป็นแบบมีเงื่อนไข,todo,todo,none,none,0,
math1.stat_probability.statistics.central,math1,ค่ากลางของข้อมูล,todo,todo,none,none,0,
math1.stat_probability.statistics.dispersion,math1,การกระจายของข้อมูล,todo,todo,none,none,0,
math1.stat_probability.statistics.position,math1,ตำแหน่งของข้อมูลและเปอร์เซ็นไทล์,todo,todo,none,none,0,
math2.number_algebra.exponent.equation,math2,สมการที่มีเลขยกกำลัง,todo,todo,none,none,0,
math2.number_algebra.exponent.rules,math2,สมบัติของเลขยกกำลังและรากที่ n,todo,todo,none,none,0,
math2.number_algebra.exponent.scientific,math2,สัญกรณ์วิทยาศาสตร์และการคำนวณ,todo,todo,none,none,0,
math2.number_algebra.function.application,math2,การใช้ฟังก์ชันแก้ปัญหาในชีวิตจริง,todo,todo,none,none,0,
math2.number_algebra.function.definition,math2,ความหมาย โดเมน และเรนจ์,todo,todo,none,none,0,
math2.number_algebra.function.linear_quadratic,math2,ฟังก์ชันเชิงเส้นและฟังก์ชันกำลังสอง,todo,todo,none,none,0,
math2.number_algebra.interest.annuity,math2,ค่างวดและการผ่อนชำระ,todo,todo,none,none,0,
math2.number_algebra.interest.compound,math2,ดอกเบี้ยทบต้น,todo,todo,none,none,0,
math2.number_algebra.interest.simple,math2,ดอกเบี้ยเชิงเดียว,todo,todo,none,none,0,
math2.number_algebra.interest.value_of_money,math2,มูลค่าปัจจุบันและมูลค่าอนาคตของเงิน,todo,todo,none,none,0,
math2.number_algebra.logic_intro.connectives,math2,ตัวเชื่อมและตารางค่าความจริง,todo,todo,none,none,0,
math2.number_algebra.logic_intro.proposition,math2,ประพจน์และค่าความจริง,todo,todo,none,none,0,
math2.number_algebra.logic_intro.reasoning,math2,การอ้างเหตุผลอย่างง่าย,todo,todo,none,none,0,
math2.number_algebra.sequence_series.application,math2,การประยุกต์ลำดับและอนุกรม,todo,todo,none,none,0,
math2.number_algebra.sequence_series.arithmetic,math2,ลำดับและอนุกรมเลขคณิต,todo,todo,none,none,0,
math2.number_algebra.sequence_series.geometric,math2,ลำดับและอนุกรมเรขาคณิต,todo,todo,none,none,0,
math2.number_algebra.set.application,math2,การใช้เซตแก้โจทย์ปัญหาในชีวิตจริง,todo,todo,none,none,0,
math2.number_algebra.set.basics,math2,ความหมายและการเขียนแทนเซต,todo,todo,none,none,0,
math2.number_algebra.set.venn,math2,แผนภาพเวนน์และการดำเนินการ,todo,todo,none,none,0,
math2.stat_probability.counting.combination,math2,การจัดหมู่,todo,todo,none,none,0,
math2.stat_probability.counting.permutation,math2,การเรียงสับเปลี่ยน,todo,todo,none,none,0,
math2.stat_probability.counting.rule,math2,กฎการบวกและกฎการคูณ,todo,todo,none,none,0,
math2.stat_probability.probability.application,math2,การใช้ความน่าจะเป็นตัดสินใจในชีวิตจริง,todo,todo,none,none,0,
math2.stat_probability.probability.basics,math2,ความน่าจะเป็นของเหตุการณ์,todo,todo,none,none,0,
math2.stat_probability.probability.compound,math2,เหตุการณ์ร่วมและเหตุการณ์ที่ไม่เกิดร่วมกัน,todo,todo,none,none,0,
math2.stat_probability.statistics.central,math2,ค่ากลางของข้อมูล,todo,todo,none,none,0,
math2.stat_probability.statistics.data_type,math2,ประเภทของข้อมูลและการนำเสนอข้อมูล,todo,todo,none,none,0,
math2.stat_probability.statistics.dispersion,math2,การกระจายของข้อมูล,todo,todo,none,none,0,
math2.stat_probability.statistics.interpret,math2,การอ่านและตีความข้อมูลทางสถิติ,todo,todo,none,none,0,
phy.electricity.current.circuit,phy,วงจรอนุกรมและขนาน,todo,todo,none,none,0,
phy.electricity.current.ohm,phy,กระแส ความต่างศักย์ และกฎของโอห์ม,todo,todo,none,none,0,
phy.electricity.current.power_energy,phy,กำลังไฟฟ้าและพลังงานไฟฟ้า,todo,todo,none,none,0,
phy.electricity.electrostatic.capacitor,phy,ตัวเก็บประจุ,todo,todo,none,none,0,
phy.electricity.electrostatic.charge_force,phy,ประจุไฟฟ้าและกฎของคูลอมบ์,todo,todo,none,none,0,
phy.electricity.electrostatic.field_potential,phy,สนามไฟฟ้าและศักย์ไฟฟ้า,todo,todo,none,none,0,
phy.electricity.em_wave.properties,phy,สมบัติและการใช้ประโยชน์,todo,todo,none,none,0,
phy.electricity.em_wave.spectrum,phy,สเปกตรัมคลื่นแม่เหล็กไฟฟ้า,todo,todo,none,none,0,
phy.electricity.magnetism.ac,phy,ไฟฟ้ากระแสสลับเบื้องต้น,todo,todo,none,none,0,
phy.electricity.magnetism.field_force,phy,สนามแม่เหล็กและแรงกระทำต่อประจุและกระแส,todo,todo,none,none,0,
phy.electricity.magnetism.induction,phy,การเหนี่ยวนำแม่เหล็กไฟฟ้า,todo,todo,none,none,0,
phy.mechanics.curved_motion.circular,phy,การเคลื่อนที่แบบวงกลมและแรงสู่ศูนย์กลาง,todo,todo,none,none,0,
phy.mechanics.curved_motion.projectile,phy,การเคลื่อนที่แบบโพรเจกไทล์,todo,todo,none,none,0,
phy.mechanics.equilibrium.center_gravity,phy,จุดศูนย์ถ่วงและเสถียรภาพ,todo,todo,none,none,0,
phy.mechanics.equilibrium.force_balance,phy,สมดุลต่อการเลื่อนตำแหน่ง,todo,todo,none,none,0,
phy.mechanics.equilibrium.moment,phy,โมเมนต์และสมดุลต่อการหมุน,todo,todo,none,none,0,
phy.mechanics.force_laws.connected,phy,ระบบวัตถุที่ผูกติดกันและรอก,todo,todo,none,none,0,
phy.mechanics.force_laws.friction,phy,แรงเสียดทาน,todo,todo,none,none,0,
phy.mechanics.force_laws.newton_laws,phy,กฎการเคลื่อนที่ของนิวตันทั้งสามข้อ,todo,todo,none,none,0,
phy.mechanics.linear_motion.equations,phy,สมการการเคลื่อนที่ด้วยความเร่งคงที่,todo,todo,none,none,0,
phy.mechanics.linear_motion.free_fall,phy,การตกอย่างอิสระและการเคลื่อนที่ในแนวดิ่ง,todo,todo,none,none,0,
phy.mechanics.linear_motion.graph,phy,กราฟการเคลื่อนที่และการอ่านความชันกับพื้นที่,todo,todo,none,none,0,
phy.mechanics.linear_motion.kinematics,phy,ระยะทาง การกระจัด ความเร็ว และความเร่ง,todo,todo,none,none,0,
phy.mechanics.momentum.collision,phy,การชนแบบยืดหยุ่นและไม่ยืดหยุ่น,todo,todo,none,none,0,
phy.mechanics.momentum.impulse,phy,โมเมนตัมและการดล,todo,todo,none,none,0,
phy.mechanics.nature.measurement,phy,การวัดและความคลาดเคลื่อน,todo,todo,none,none,0,
phy.mechanics.nature.units,phy,ปริมาณ หน่วย และเลขนัยสำคัญ,todo,todo,none,none,0,
phy.mechanics.shm.basics,phy,ลักษณะและสมการของการเคลื่อนที่แบบฮาร์มอนิก,todo,todo,none,none,0,
phy.mechanics.shm.pendulum_spring,phy,ลูกตุ้มอย่างง่ายและสปริง,todo,todo,none,none,0,
phy.mechanics.work_energy.conservation,phy,กฎการอนุรักษ์พลังงานกลและการประยุกต์,todo,todo,none,none,0,
phy.mechanics.work_energy.energy,phy,พลังงานจลน์และพลังงานศักย์,todo,todo,none,none,0,
phy.mechanics.work_energy.work_power,phy,งานและกำลัง,todo,todo,none,none,0,
phy.modern.atomic.model,phy,แบบจำลองอะตอมและสเปกตรัมของอะตอม,todo,todo,none,none,0,
phy.modern.atomic.photoelectric,phy,ปรากฏการณ์โฟโตอิเล็กทริกและทวิภาวะ,todo,todo,none,none,0,
phy.modern.nuclear.particle,phy,อนุภาคมูลฐานเบื้องต้น,todo,todo,none,none,0,
phy.modern.nuclear.radioactive,phy,กัมมันตภาพรังสีและครึ่งชีวิต,todo,todo,none,none,0,
phy.modern.nuclear.reaction,phy,ปฏิกิริยานิวเคลียร์และพลังงานยึดเหนี่ยว,todo,todo,none,none,0,
phy.thermo_matter.heat_gas.gas_law,phy,กฎของแก๊สและทฤษฎีจลน์,todo,todo,none,none,0,
phy.thermo_matter.heat_gas.heat,phy,ความร้อน อุณหภูมิ และการเปลี่ยนสถานะ,todo,todo,none,none,0,
phy.thermo_matter.heat_gas.thermo_law,phy,กฎข้อที่หนึ่งของอุณหพลศาสตร์,todo,todo,none,none,0,
phy.thermo_matter.solid_fluid.fluid_dynamic,phy,ของไหลอุดมคติและสมการแบร์นูลลี,todo,todo,none,none,0,
phy.thermo_matter.solid_fluid.fluid_static,phy,ความดันและแรงลอยตัว,todo,todo,none,none,0,
phy.thermo_matter.solid_fluid.solid,phy,ความเค้น ความเครียด และมอดุลัสของยัง,todo,todo,none,none,0,
phy.wave_light.light.lens_mirror,phy,เลนส์และกระจก,todo,todo,none,none,0,
phy.wave_light.light.reflection_refraction,phy,การสะท้อนและการหักเหของแสง,todo,todo,none,none,0,
phy.wave_light.light.wave_optics,phy,การแทรกสอดและเลี้ยวเบนของแสง,todo,todo,none,none,0,
phy.wave_light.sound.beat_doppler,phy,บีตส์และปรากฏการณ์ดอปเพลอร์,todo,todo,none,none,0,
phy.wave_light.sound.intensity,phy,ความเข้มเสียงและระดับเสียง,todo,todo,none,none,0,
phy.wave_light.sound.nature,phy,ธรรมชาติของเสียงและอัตราเร็วเสียง,todo,todo,none,none,0,
phy.wave_light.wave.behavior,phy,การสะท้อน หักเห แทรกสอด และเลี้ยวเบน,todo,todo,none,none,0,
phy.wave_light.wave.properties,phy,สมบัติและส่วนประกอบของคลื่น,todo,todo,none,none,0,
phy.wave_light.wave.standing,phy,คลื่นนิ่งและการสั่นพ้อง,todo,todo,none,none,0,
sci.biological.cell_transport.active,sci,การลำเลียงแบบใช้พลังงาน,todo,todo,none,none,0,
sci.biological.cell_transport.passive,sci,การแพร่และออสโมซิส,todo,todo,none,none,0,
sci.biological.ecosystem.components,sci,องค์ประกอบและความสัมพันธ์ในระบบนิเวศ,todo,todo,none,none,0,
sci.biological.ecosystem.problem,sci,ปัญหาสิ่งแวดล้อมและการอนุรักษ์,todo,todo,none,none,0,
sci.biological.genetics_evolution.dna_tech,sci,เทคโนโลยีทางดีเอ็นเอและการใช้ประโยชน์,todo,todo,none,none,0,
sci.biological.genetics_evolution.evolution,sci,วิวัฒนาการโดยภาพรวม,todo,todo,none,none,0,
sci.biological.genetics_evolution.inheritance,sci,การถ่ายทอดลักษณะทางพันธุกรรม,todo,todo,none,none,0,
sci.biological.homeostasis.temperature,sci,ดุลยภาพของอุณหภูมิและสารเคมีในร่างกาย,todo,todo,none,none,0,
sci.biological.homeostasis.water_salt,sci,ดุลยภาพของน้ำและเกลือแร่,todo,todo,none,none,0,
sci.biological.immune.mechanism,sci,กลไกภูมิคุ้มกันแบบไม่จำเพาะและจำเพาะ,todo,todo,none,none,0,
sci.biological.immune.vaccine,sci,วัคซีนและการสร้างเสริมภูมิคุ้มกัน,todo,todo,none,none,0,
sci.biological.plant_life.photosynthesis,sci,การสังเคราะห์ด้วยแสงโดยภาพรวม,todo,todo,none,none,0,
sci.biological.plant_life.transport_growth,sci,การลำเลียงและการตอบสนองของพืช,todo,todo,none,none,0,
sci.earth_space.climate_change.cause,sci,สาเหตุและกลไกการเปลี่ยนแปลงภูมิอากาศ,todo,todo,none,none,0,
sci.earth_space.climate_change.impact,sci,ผลกระทบและการปรับตัว,todo,todo,none,none,0,
sci.earth_space.earth_structure.evidence,sci,หลักฐานที่ใช้ศึกษาโครงสร้างโลก,todo,todo,none,none,0,
sci.earth_space.earth_structure.layers,sci,ชั้นโครงสร้างภายในโลก,todo,todo,none,none,0,
sci.earth_space.geohazard.earthquake,sci,แผ่นดินไหวและสึนามิ,todo,todo,none,none,0,
sci.earth_space.geohazard.prepare,sci,การเตรียมพร้อมและการรับมือ,todo,todo,none,none,0,
sci.earth_space.geohazard.volcano_landslide,sci,ภูเขาไฟระเบิดและดินถล่ม,todo,todo,none,none,0,
sci.earth_space.meteorology.forecast,sci,การพยากรณ์อากาศและการใช้ข้อมูล,todo,todo,none,none,0,
sci.earth_space.meteorology.read_map,sci,อ่านแผนที่อากาศและสัญลักษณ์,todo,todo,none,none,0,
sci.earth_space.plate_tectonic.boundary,sci,ขอบแผ่นธรณีและผลที่เกิดขึ้น,todo,todo,none,none,0,
sci.earth_space.plate_tectonic.theory,sci,ทฤษฎีการแปรสัณฐานและหลักฐาน,todo,todo,none,none,0,
sci.earth_space.solar_system.members,sci,สมาชิกของระบบสุริยะ,todo,todo,none,none,0,
sci.earth_space.solar_system.motion,sci,การโคจรและปรากฏการณ์ที่เกี่ยวข้อง,todo,todo,none,none,0,
sci.earth_space.space_tech.satellite,sci,ดาวเทียมและการใช้ประโยชน์,todo,todo,none,none,0,
sci.earth_space.space_tech.tools,sci,กล้องโทรทรรศน์และยานอวกาศ,todo,todo,none,none,0,
sci.earth_space.star.lifecycle,sci,วิวัฒนาการของดาวฤกษ์,todo,todo,none,none,0,
sci.earth_space.star.property,sci,สมบัติและการจำแนกดาวฤกษ์,todo,todo,none,none,0,
sci.earth_space.universe.bigbang,sci,การกำเนิดเอกภพและหลักฐาน,todo,todo,none,none,0,
sci.earth_space.universe.galaxy,sci,กาแล็กซีและโครงสร้างของเอกภพ,todo,todo,none,none,0,
sci.earth_space.weather.element,sci,องค์ประกอบของลมฟ้าอากาศ,todo,todo,none,none,0,
sci.earth_space.weather.phenomena,sci,ปรากฏการณ์ลมฟ้าอากาศและพายุ,todo,todo,none,none,0,
sci.physical.atom.structure,sci,โครงสร้างอะตอมและตารางธาตุ,todo,todo,none,none,0,
sci.physical.atom.trend,sci,แนวโน้มสมบัติของธาตุ,todo,todo,none,none,0,
sci.physical.chemical_reaction.daily_life,sci,ปฏิกิริยาเคมีในชีวิตประจำวันและอุตสาหกรรม,todo,todo,none,none,0,
sci.physical.chemical_reaction.rate_factor,sci,ปัจจัยที่มีผลต่อการเกิดปฏิกิริยา,todo,todo,none,none,0,
sci.physical.chemical_reaction.types,sci,ประเภทของปฏิกิริยาเคมีและสมการ,todo,todo,none,none,0,
sci.physical.covalent.bond,sci,การเกิดพันธะโคเวเลนต์,todo,todo,none,none,0,
sci.physical.covalent.properties,sci,สมบัติและการใช้ประโยชน์ของสารโคเวเลนต์,todo,todo,none,none,0,
sci.physical.em_wave.spectrum,sci,สเปกตรัมคลื่นแม่เหล็กไฟฟ้า,todo,todo,none,none,0,
sci.physical.em_wave.use_risk,sci,การใช้ประโยชน์และผลต่อสุขภาพ,todo,todo,none,none,0,
sci.physical.hydrocarbon.fuel,sci,เชื้อเพลิงและปฏิกิริยาการเผาไหม้,todo,todo,none,none,0,
sci.physical.hydrocarbon.types,sci,ประเภทของไฮโดรคาร์บอน,todo,todo,none,none,0,
sci.physical.ionic.bond,sci,การเกิดพันธะไอออนิก,todo,todo,none,none,0,
sci.physical.ionic.properties,sci,สมบัติและการใช้ประโยชน์,todo,todo,none,none,0,
sci.physical.light_color.color,sci,การเกิดสีและการมองเห็นสี,todo,todo,none,none,0,
sci.physical.light_color.optics,sci,การสะท้อน หักเห และการใช้ประโยชน์,todo,todo,none,none,0,
sci.physical.mech_wave.behavior,sci,พฤติกรรมของคลื่น,todo,todo,none,none,0,
sci.physical.mech_wave.properties,sci,สมบัติและส่วนประกอบของคลื่น,todo,todo,none,none,0,
sci.physical.motion_force.motion,sci,การเคลื่อนที่แนวตรงและกราฟ,todo,todo,none,none,0,
sci.physical.motion_force.newton,sci,แรงและกฎการเคลื่อนที่,todo,todo,none,none,0,
sci.physical.natural_force.em_nuclear,sci,แรงไฟฟ้า แรงแม่เหล็ก และแรงนิวเคลียร์,todo,todo,none,none,0,
sci.physical.natural_force.gravity,sci,แรงโน้มถ่วง,todo,todo,none,none,0,
sci.physical.polymer.environment,sci,พลาสติกและผลกระทบต่อสิ่งแวดล้อม,todo,todo,none,none,0,
sci.physical.polymer.types,sci,ชนิดและการเกิดพอลิเมอร์,todo,todo,none,none,0,
sci.physical.radioactive.decay,sci,การสลายตัวและครึ่งชีวิต,todo,todo,none,none,0,
sci.physical.radioactive.use_safety,sci,การใช้ประโยชน์และความปลอดภัย,todo,todo,none,none,0,
sci.physical.renewable.compare,sci,ข้อดีข้อเสียและการเลือกใช้,todo,todo,none,none,0,
sci.physical.renewable.types,sci,ประเภทของพลังงานทดแทน,todo,todo,none,none,0,
sci.physical.sound.nature,sci,ธรรมชาติของเสียงและการได้ยิน,todo,todo,none,none,0,
sci.physical.sound.noise,sci,มลพิษทางเสียงและการป้องกัน,todo,todo,none,none,0,
soc.civics.culture.global,soc,วัฒนธรรมสากลและการรับวัฒนธรรมต่างชาติ,todo,todo,none,none,0,
soc.civics.culture.thai_culture,soc,ลักษณะและคุณค่าของวัฒนธรรมไทย,todo,todo,none,none,0,
soc.civics.law_politics.citizen_role,soc,การมีส่วนร่วมทางการเมืองของพลเมือง,todo,todo,none,none,0,
soc.civics.law_politics.constitution,soc,รัฐธรรมนูญและสิทธิเสรีภาพของพลเมือง,todo,todo,none,none,0,
soc.civics.law_politics.government,soc,รูปแบบการปกครองและสถาบันทางการเมือง,todo,todo,none,none,0,
soc.civics.law_politics.law_basics,soc,กฎหมายที่เกี่ยวข้องกับชีวิตประจำวัน,todo,todo,none,none,0,
soc.civics.social_structure.change,soc,การเปลี่ยนแปลงทางสังคมและวัฒนธรรม,todo,todo,none,none,0,
soc.civics.social_structure.institution,soc,สถาบันทางสังคมและหน้าที่,todo,todo,none,none,0,
soc.economics.macro.indicator,soc,ตัวชี้วัดทางเศรษฐกิจและรายได้ประชาชาติ,todo,todo,none,none,0,
soc.economics.macro.money_inflation,soc,เงิน สถาบันการเงิน และเงินเฟ้อ,todo,todo,none,none,0,
soc.economics.macro.policy,soc,นโยบายการเงินและการคลัง,todo,todo,none,none,0,
soc.economics.micro.demand_supply,soc,อุปสงค์ อุปทาน และกลไกราคา,todo,todo,none,none,0,
soc.economics.micro.market,soc,ประเภทของตลาดและการแข่งขัน,todo,todo,none,none,0,
soc.economics.micro.scarcity,soc,ความขาดแคลนและการเลือก,todo,todo,none,none,0,
soc.economics.thai_economy.international,soc,การค้าระหว่างประเทศและการรวมกลุ่มทางเศรษฐกิจ,todo,todo,none,none,0,
soc.economics.thai_economy.sufficiency,soc,เศรษฐกิจพอเพียงและการพัฒนาที่ยั่งยืน,todo,todo,none,none,0,
soc.geography.human_env.resource_use,soc,การใช้ทรัพยากรและผลกระทบ,todo,todo,none,none,0,
soc.geography.human_env.sustainable,soc,การจัดการสิ่งแวดล้อมอย่างยั่งยืน,todo,todo,none,none,0,
soc.geography.physical.climate,soc,ภูมิอากาศและปัจจัยที่มีผล,todo,todo,none,none,0,
soc.geography.physical.disaster,soc,ภัยธรรมชาติและการรับมือ,todo,todo,none,none,0,
soc.geography.physical.landform,soc,ลักษณะภูมิประเทศและการเกิด,todo,todo,none,none,0,
soc.geography.tools.gis,soc,เทคโนโลยีภูมิสารสนเทศเบื้องต้น,todo,todo,none,none,0,
soc.geography.tools.map,soc,แผนที่ มาตราส่วน และการอ่านแผนที่,todo,todo,none,none,0,
soc.history.method.interpretation,soc,การตีความและมุมมองทางประวัติศาสตร์,todo,todo,none,none,0,
soc.history.method.source,soc,หลักฐานทางประวัติศาสตร์และการตรวจสอบ,todo,todo,none,none,0,
soc.history.thai_history.ayutthaya,soc,อยุธยาและธนบุรี,todo,todo,none,none,0,
soc.history.thai_history.modern_thai,soc,ไทยสมัยใหม่และการเปลี่ยนแปลงการปกครอง,todo,todo,none,none,0,
soc.history.thai_history.pre_ayutthaya,soc,รัฐโบราณและสุโขทัย,todo,todo,none,none,0,
soc.history.thai_history.rattanakosin,soc,รัตนโกสินทร์และการปฏิรูปประเทศ,todo,todo,none,none,0,
soc.history.world_history.ancient,soc,อารยธรรมโบราณ,todo,todo,none,none,0,
soc.history.world_history.modern,soc,การเปลี่ยนแปลงสำคัญของโลกสมัยใหม่,todo,todo,none,none,0,
soc.religion.buddhism.doctrine,soc,หลักธรรมสำคัญ,todo,todo,none,none,0,
soc.religion.buddhism.history,soc,ประวัติและการเผยแผ่พระพุทธศาสนา,todo,todo,none,none,0,
soc.religion.buddhism.practice,soc,การปฏิบัติและพิธีกรรม,todo,todo,none,none,0,
soc.religion.ethics.concept,soc,แนวคิดพื้นฐานทางจริยธรรม,todo,todo,none,none,0,
soc.religion.ethics.dilemma,soc,การตัดสินใจเชิงจริยธรรมในสถานการณ์จริง,todo,todo,none,none,0,
soc.religion.world_religion.coexistence,soc,การอยู่ร่วมกันของศาสนาในสังคมไทย,todo,todo,none,none,0,
soc.religion.world_religion.compare,soc,ความเชื่อและหลักคำสอนของศาสนาสำคัญ,todo,todo,none,none,0,
tgat1.reading.comprehension.inference,tgat1,อนุมานจากสิ่งที่ไม่ได้เขียนตรง ๆ,todo,todo,none,none,0,
tgat1.reading.comprehension.main_idea,tgat1,ใจความหลักและการตั้งชื่อเรื่อง,todo,todo,none,none,0,
tgat1.reading.comprehension.purpose_tone,tgat1,จุดประสงค์ น้ำเสียง และทัศนคติของผู้เขียน,todo,todo,none,none,0,
tgat1.reading.comprehension.specific_detail,tgat1,หาข้อมูลเฉพาะจุดในบทอ่าน,todo,todo,none,none,0,
tgat1.reading.comprehension.text_organization,tgat1,โครงเรื่องและหน้าที่ของแต่ละย่อหน้า,todo,todo,none,none,0,
tgat1.reading.comprehension.vocabulary_in_passage,tgat1,เดาความหมายคำจากบริบทในบทอ่าน,todo,todo,none,none,0,
tgat1.reading.foundation.high_frequency_vocab,tgat1,คลังศัพท์ที่ออกสอบบ่อย,todo,todo,none,none,0,
tgat1.reading.foundation.sentence_core,tgat1,หาประธานและกริยาในประโยคอังกฤษที่ยาว,todo,todo,none,none,0,
tgat1.reading.foundation.skim_scan,tgat1,อ่านแบบกวาดและอ่านแบบเจาะ,todo,todo,none,none,0,
tgat1.reading.foundation.time_management,tgat1,บริหารเวลาในพาร์ทการอ่าน,todo,todo,none,none,0,
tgat1.reading.text_completion.collocation,tgat1,คำที่ใช้คู่กันและการเลือกคำให้เข้ากับคำข้างเคียง,todo,todo,none,none,0,
tgat1.reading.text_completion.connector,tgat1,ตัวเชื่อมความและความสัมพันธ์ระหว่างประโยค,todo,todo,none,none,0,
tgat1.reading.text_completion.grammar_in_context,tgat1,เลือกรูปคำให้ถูกไวยากรณ์ตามบริบท,todo,todo,none,none,0,
tgat1.reading.text_completion.reference_word,tgat1,คำอ้างถึงชี้กลับไปหาอะไร,todo,todo,none,none,0,
tgat1.reading.text_completion.tense_consistency,tgat1,ความสอดคล้องของกาลตลอดเนื้อเรื่อง,todo,todo,none,none,0,
tgat1.speaking.foundation.function_bank,tgat1,คลังวลีสื่อสารที่ออกสอบบ่อย,todo,todo,none,none,0,
tgat1.speaking.foundation.politeness_level,tgat1,ระดับความสุภาพของภาษาอังกฤษ,todo,todo,none,none,0,
tgat1.speaking.foundation.question_forms,tgat1,สร้างประโยคคำถามให้ถูกรูป,todo,todo,none,none,0,
tgat1.speaking.long_conversation.discourse_marker,tgat1,ตัวเชื่อมในบทสนทนาและหน้าที่ของมัน,todo,todo,none,none,0,
tgat1.speaking.long_conversation.implied_meaning,tgat1,ความหมายแฝงและการเลี่ยงตอบตรง ๆ,todo,todo,none,none,0,
tgat1.speaking.long_conversation.problem_solution,tgat1,บทสนทนาแก้ปัญหาและการต่อรอง,todo,todo,none,none,0,
tgat1.speaking.long_conversation.register_formality,tgat1,ระดับความเป็นทางการและความสัมพันธ์ของผู้พูด,todo,todo,none,none,0,
tgat1.speaking.long_conversation.tracking_speakers,tgat1,ติดตามว่าใครพูดอะไรและต้องการอะไร,todo,todo,none,none,0,
tgat1.speaking.question_response.apology_thanks,tgat1,ขอโทษ ขอบคุณ และการตอบกลับ,todo,todo,none,none,0,
tgat1.speaking.question_response.greeting_intro,tgat1,ทักทาย แนะนำตัว และกล่าวลา,todo,todo,none,none,0,
tgat1.speaking.question_response.invitation,tgat1,ชวน ตอบรับ และปฏิเสธอย่างสุภาพ,todo,todo,none,none,0,
tgat1.speaking.question_response.opinion_agreement,tgat1,ถามความเห็น เห็นด้วย และไม่เห็นด้วย,todo,todo,none,none,0,
tgat1.speaking.question_response.request_offer_permission,tgat1,ขอร้อง เสนอความช่วยเหลือ และขออนุญาต,todo,todo,none,none,0,
tgat1.speaking.question_response.wh_question_matching,tgat1,จับคู่คำถาม Wh- กับชนิดข้อมูลที่ต้องตอบ,todo,todo,none,none,0,
tgat1.speaking.question_response.yesno_and_tag,tgat1,ตอบคำถาม Yes/No และคำถามท้ายประโยค,todo,todo,none,none,0,
tgat1.speaking.short_conversation.directions_transport,tgat1,ถามทางและการเดินทาง,todo,todo,none,none,0,
tgat1.speaking.short_conversation.phone_appointment,tgat1,โทรศัพท์ นัดหมาย และเลื่อนนัด,todo,todo,none,none,0,
tgat1.speaking.short_conversation.school_campus,tgat1,บทสนทนาในโรงเรียนและมหาวิทยาลัย,todo,todo,none,none,0,
tgat1.speaking.short_conversation.service_encounter,tgat1,บทสนทนาในร้านค้า ร้านอาหาร และโรงแรม,todo,todo,none,none,0,
tgat1.speaking.short_conversation.turn_taking,tgat1,อ่านบทก่อนและหลังช่องว่างเพื่อหาคำตอบ,todo,todo,none,none,0,
tgat2.language.communication.analogy_category,tgat2,อุปมาอุปไมยคำแบบประเภทและสมาชิก,todo,todo,none,none,0,
tgat2.language.communication.analogy_function,tgat2,อุปมาอุปไมยคำแบบสิ่งของกับหน้าที่,todo,todo,none,none,0,
tgat2.language.communication.analogy_part_whole,tgat2,อุปมาอุปไมยคำแบบส่วนประกอบและสิ่งรวม,todo,todo,none,none,0,
tgat2.language.communication.analogy_semantic,tgat2,อุปมาอุปไมยคำแบบความหมายเหมือนและตรงข้าม,done,done,none,none,20,
tgat2.language.comprehension.completion_logic,tgat2,เติมคำหรือข้อความจากตรรกะของประโยค,todo,todo,none,none,0,
tgat2.language.comprehension.meaning_scope,tgat2,เปรียบเทียบความหมายกว้าง แคบ และเฉพาะเจาะจง,todo,todo,none,none,0,
tgat2.language.foundation.connectives,tgat2,ตีความคำเชื่อมและความสัมพันธ์ระหว่างข้อความ,todo,todo,none,none,0,
tgat2.language.foundation.context_meaning,tgat2,ตีความความหมายคำจากบริบท,todo,todo,none,none,0,
tgat2.language.foundation.reference_words,tgat2,ติดตามคำอ้างอิงและคำแทนในข้อความ,todo,todo,none,none,0,
tgat2.language.foundation.sentence_structure,tgat2,แยกส่วนประกอบและใจความหลักของประโยค,todo,todo,none,none,0,
tgat2.language.reading.inference,tgat2,อนุมานข้อสรุปจากบทอ่านโดยไม่เติมข้อมูลเอง,todo,todo,none,none,0,
tgat2.language.reading.main_idea,tgat2,หาใจความสำคัญและตั้งชื่อเรื่อง,todo,todo,none,none,0,
tgat2.language.reading.paragraph_order,tgat2,เรียงลำดับข้อความด้วยคำเชื่อมและคำอ้างอิง,todo,todo,none,none,0,
tgat2.language.reading.purpose_summary,tgat2,ระบุเจตนา น้ำเสียง และบทสรุปที่เหมาะสม,todo,todo,none,none,0,
tgat2.language.usage.completion_vocabulary,tgat2,เติมคำในประโยคจากความหมายและชนิดของคำ,todo,todo,none,none,0,
tgat2.language.usage.correct_usage,tgat2,เลือกประโยคที่ใช้คำถูกความหมายและไม่กำกวม,todo,todo,none,none,0,
tgat2.language.usage.idiom_context,tgat2,เลือกสำนวนให้ตรงความหมายของบริบท,todo,todo,none,none,0,
tgat2.language.usage.register,tgat2,เลือกระดับภาษาให้เหมาะกับสถานการณ์,todo,todo,none,none,0,
tgat2.numerical.data_sufficiency.combined_statements,tgat2,ความเพียงพอของข้อมูลเมื่อใช้สองข้อความร่วมกัน,todo,todo,none,none,0,
tgat2.numerical.data_sufficiency.single_statement,tgat2,ความเพียงพอของข้อมูลเมื่อพิจารณาทีละข้อความ,todo,todo,none,none,0,
tgat2.numerical.foundation.average,tgat2,คำนวณค่าเฉลี่ยและผลรวมย้อนกลับ,todo,todo,none,none,0,
tgat2.numerical.foundation.fraction_decimal,tgat2,คำนวณเศษส่วนและทศนิยม,todo,todo,none,none,0,
tgat2.numerical.foundation.integer_arithmetic,tgat2,คำนวณจำนวนเต็มและลำดับการดำเนินการ,todo,todo,none,none,0,
tgat2.numerical.foundation.percent,tgat2,แปลงและคำนวณร้อยละ,todo,todo,none,none,0,
tgat2.numerical.foundation.ratio_proportion,tgat2,ตั้งอัตราส่วนและสัดส่วน,todo,todo,none,none,0,
tgat2.numerical.foundation.simple_equation,tgat2,ตั้งและแก้สมการหนึ่งตัวแปรอย่างง่าย,todo,todo,none,none,0,
tgat2.numerical.foundation.unit_conversion,tgat2,แปลงหน่วยและตรวจความสอดคล้องของหน่วย,todo,todo,none,none,0,
tgat2.numerical.quantitative.algebra,tgat2,เปรียบเทียบเชิงปริมาณจากเงื่อนไขตัวแปร,todo,todo,none,none,0,
tgat2.numerical.quantitative.arithmetic,tgat2,เปรียบเทียบเชิงปริมาณจากการคำนวณตรง,todo,todo,none,none,0,
tgat2.numerical.quantitative.ratio_percent,tgat2,เปรียบเทียบเชิงปริมาณจากอัตราส่วนและร้อยละ,todo,todo,none,none,0,
tgat2.numerical.series.alternating_difference,tgat2,อนุกรมเลขแบบผลต่างสลับ,todo,todo,none,none,0,
tgat2.numerical.series.constant_difference,tgat2,อนุกรมเลขแบบผลต่างคงที่,done,done,none,none,12,
tgat2.numerical.series.interleaved,tgat2,อนุกรมเลขแบบแยกชุดสลับตำแหน่ง,todo,todo,none,none,0,
tgat2.numerical.series.mixed_operations,tgat2,อนุกรมเลขแบบคูณแล้วบวกหรือลบ,todo,todo,none,none,0,
tgat2.numerical.series.multiply_divide,tgat2,อนุกรมเลขแบบคูณหรือหาร,todo,todo,none,none,0,
tgat2.numerical.series.recurrence,tgat2,อนุกรมเลขแบบพจน์ถัดไปเกิดจากพจน์ก่อนหน้า,todo,todo,none,none,0,
tgat2.numerical.series.second_difference,tgat2,อนุกรมเลขแบบผลต่างชั้นที่สอง,todo,todo,none,none,0,
tgat2.numerical.series.special_numbers,tgat2,อนุกรมเลขจากกำลัง จำนวนเฉพาะ และรูปแบบจำนวนพิเศษ,todo,todo,none,none,0,
tgat2.numerical.word_problem.age_work_commerce,tgat2,โจทย์ปัญหาอายุ งาน และการค้า,todo,todo,none,none,0,
tgat2.numerical.word_problem.average_rate,tgat2,โจทย์ปัญหาค่าเฉลี่ย อัตราเร็ว เวลา และระยะทาง,todo,todo,none,none,0,
tgat2.numerical.word_problem.ratio_percent,tgat2,โจทย์ปัญหาอัตราส่วนและร้อยละ,todo,todo,none,none,0,
tgat2.numerical.word_problem.table_graph,tgat2,อ่านและคำนวณจากตาราง แผนภูมิ และกราฟ,todo,todo,none,none,0,
tgat2.reasoning.conclusion.all_some_none,tgat2,สรุปเหตุผลจากข้อความ ทุก บาง และไม่มี,todo,todo,none,none,0,
tgat2.reasoning.conclusion.conditional,tgat2,เหตุผลแบบถ้าแล้วและเงื่อนไขจำเป็นเพียงพอ,todo,todo,none,none,0,
tgat2.reasoning.conclusion.negation,tgat2,ปฏิเสธข้อความและหลีกเลี่ยงการกลับเงื่อนไขผิด,todo,todo,none,none,0,
tgat2.reasoning.conclusion.true_false_undecidable,tgat2,ตัดสินข้อสรุปว่าจริง เท็จ หรือยังสรุปไม่ได้,todo,todo,none,none,0,
tgat2.reasoning.conclusion.venn_sets,tgat2,ใช้แผนภาพเซตตรวจความสัมพันธ์ของกลุ่ม,todo,todo,none,none,0,
tgat2.reasoning.foundation.statement_logic,tgat2,แปลงข้อความเป็นข้อเท็จจริงและเงื่อนไข,todo,todo,none,none,0,
tgat2.reasoning.foundation.visual_attributes,tgat2,แยกคุณลักษณะของภาพเพื่อค้นหากฎ,todo,todo,none,none,0,
tgat2.reasoning.picture_series.alternating_rule,tgat2,อนุกรมภาพแบบกฎสลับตำแหน่ง,todo,todo,none,none,0,
tgat2.reasoning.picture_series.combined_rules,tgat2,อนุกรมภาพที่เปลี่ยนหลายคุณลักษณะพร้อมกัน,todo,todo,none,none,0,
tgat2.reasoning.picture_series.count_change,tgat2,อนุกรมภาพแบบเพิ่มหรือลดจำนวนองค์ประกอบ,todo,todo,none,none,0,
tgat2.reasoning.picture_series.rotation,tgat2,อนุกรมภาพแบบหมุนตามมุมหรือทิศทาง,todo,todo,none,none,0,
tgat2.reasoning.statement_analysis.family_relations,tgat2,สรุปความสัมพันธ์เครือญาติและลำดับอายุ,todo,todo,none,none,0,
tgat2.reasoning.statement_analysis.grouping,tgat2,วิเคราะห์เงื่อนไขการจัดกลุ่มและการเลือกสมาชิก,todo,todo,none,none,0,
tgat2.reasoning.statement_analysis.matching,tgat2,จับคู่บุคคล สิ่งของ และคุณสมบัติจากเงื่อนไข,todo,todo,none,none,0,
tgat2.reasoning.statement_analysis.ordering,tgat2,วิเคราะห์เงื่อนไขลำดับก่อนหลังและอันดับ,todo,todo,none,none,0,
tgat2.reasoning.statement_analysis.possible_necessary,tgat2,แยกข้อที่เป็นไปได้ ต้องเป็นจริง และเป็นไปไม่ได้,todo,todo,none,none,0,
tgat2.reasoning.statement_analysis.scheduling,tgat2,จัดตารางเวลาและตำแหน่งภายใต้หลายเงื่อนไข,todo,todo,none,none,0,
tgat2.reasoning.visual_analogy.transformation_transfer,tgat2,อุปมาอุปไมยภาพแบบถ่ายทอดการเปลี่ยนแปลง,todo,todo,none,none,0,
tgat2.spatial.assembly.silhouette,tgat2,ประกอบชิ้นส่วนให้ตรงกับโครงร่างเป้าหมาย,todo,todo,none,none,0,
tgat2.spatial.assembly.with_rotation,tgat2,ประกอบภาพโดยหมุนและจับคู่ขอบของชิ้นส่วน,todo,todo,none,none,0,
tgat2.spatial.box_folding.cube_face_relations,tgat2,ระบุหน้าติดกันและหน้าตรงข้ามของลูกบาศก์,todo,todo,none,none,0,
tgat2.spatial.box_folding.net_markings,tgat2,พับแผ่นคลี่ลูกบาศก์ที่มีสัญลักษณ์กำกับ,todo,todo,none,none,0,
tgat2.spatial.box_folding.net_opposites,tgat2,หาคู่หน้าตรงข้ามจากแผ่นคลี่ลูกบาศก์,done,done,none,none,12,
tgat2.spatial.find_difference.by_reflection,tgat2,หาภาพต่างโดยตรวจภาพสะท้อนและตำแหน่งรายละเอียด,todo,done,none,none,12,
tgat2.spatial.find_difference.by_rotation,tgat2,หาภาพต่างโดยตรวจความเป็นภาพหมุน,todo,done,none,none,12,
tgat2.spatial.foundation.orientation_2d,tgat2,ระบุตำแหน่งและทิศทางของรูปสองมิติ,todo,todo,none,none,0,
tgat2.spatial.foundation.rotation_2d,tgat2,หมุนภาพสองมิติรอบจุดศูนย์กลาง,todo,done,none,none,12,
tgat2.spatial.foundation.symmetry_reflection,tgat2,แยกการหมุนออกจากการสะท้อนและภาพสมมาตร,todo,done,none,none,12,
tgat2.spatial.rotation_3d.horizontal_axis,tgat2,หมุนภาพสามมิติรอบแกนนอน,todo,todo,none,none,0,
tgat2.spatial.rotation_3d.vertical_axis,tgat2,หมุนภาพสามมิติรอบแกนตั้ง,todo,todo,none,none,0,
tgat3.civic.environment.decide_with_impact,tgat3,ตัดสินใจโดยคิดถึงผลต่อสิ่งแวดล้อม,todo,todo,none,none,0,
tgat3.civic.environment.tradeoff_economy,tgat3,ชั่งน้ำหนักระหว่างเศรษฐกิจกับสิ่งแวดล้อม,todo,todo,none,none,0,
tgat3.civic.local.participation,tgat3,ชวนคนในพื้นที่มีส่วนร่วมตั้งแต่ต้น,todo,todo,none,none,0,
tgat3.civic.local.understand_context,tgat3,เข้าใจบริบทท้องถิ่นก่อนเสนอทางแก้,todo,todo,none,none,0,
tgat3.civic.service.help_without_harm,tgat3,ช่วยเหลือโดยไม่ละเมิดสิทธิผู้อื่น,todo,todo,none,none,0,
tgat3.civic.service.sustainable_volunteering,tgat3,ทำงานอาสาให้ต่อเนื่อง ไม่ใช่ครั้งเดียวจบ,todo,todo,none,none,0,
tgat3.complex_problem.evaluate.adjust_after_result,tgat3,ปรับแผนเมื่อผลไม่เป็นไปตามคาด,todo,todo,none,none,0,
tgat3.complex_problem.evaluate.success_measure,tgat3,ตั้งตัวชี้วัดว่าสำเร็จหรือไม่,todo,todo,none,none,0,
tgat3.complex_problem.generate.compare_criteria,tgat3,ตั้งเกณฑ์เปรียบเทียบทางเลือก,todo,todo,none,none,0,
tgat3.complex_problem.generate.multiple_options,tgat3,สร้างทางเลือกหลายทางก่อนตัดสินใจ,todo,todo,none,none,0,
tgat3.complex_problem.identify.stakeholders,tgat3,ระบุผู้มีส่วนได้ส่วนเสียให้ครบ,todo,todo,none,none,0,
tgat3.complex_problem.identify.symptom_vs_problem,tgat3,แยกอาการออกจากตัวปัญหา,todo,todo,none,none,0,
tgat3.complex_problem.implement.action_sequence,tgat3,วางลำดับขั้นการลงมือให้ถูกจังหวะ,todo,todo,none,none,0,
tgat3.complex_problem.implement.handle_obstacle,tgat3,รับมืออุปสรรคที่โผล่ระหว่างทำ,todo,todo,none,none,0,
tgat3.emotion.empathy.read_others,tgat3,อ่านอารมณ์และมุมมองของคนอื่น,todo,todo,none,none,0,
tgat3.emotion.empathy.respond_to_upset,tgat3,ตอบสนองเมื่อคนอื่นกำลังอารมณ์เสีย,todo,todo,none,none,0,
tgat3.emotion.self_awareness.know_limits,tgat3,รู้จุดแข็ง จุดอ่อน และขีดจำกัดของตัวเอง,todo,todo,none,none,0,
tgat3.emotion.self_awareness.notice_own_emotion,tgat3,รู้ทันอารมณ์ตัวเองขณะกำลังเกิด,todo,todo,none,none,0,
tgat3.emotion.self_regulation.manage_anger_pressure,tgat3,จัดการความโกรธและความกดดัน,todo,todo,none,none,0,
tgat3.emotion.self_regulation.respond_to_criticism,tgat3,รักษาความน่าเชื่อถือเมื่อถูกวิจารณ์,todo,todo,none,none,0,
tgat3.foundation.attractive_wrong,tgat3,กับดักตัวเลือกที่ฟังดูดีแต่ไม่ใช่,todo,todo,none,none,0,
tgat3.foundation.formats_and_scoring,tgat3,รูปแบบข้อสอบและการให้คะแนนของ TGAT3,todo,todo,none,none,0,
tgat3.foundation.how_to_read,tgat3,วิธีอ่านโจทย์สถานการณ์,todo,todo,none,none,0,
tgat3.foundation.judgement_criteria,tgat3,เกณฑ์ตัดสินว่าตัวเลือกไหนดีที่สุด,todo,todo,none,none,0,
tgat3.foundation.time_management,tgat3,บริหารเวลา 60 ข้อใน 60 นาที,todo,todo,none,none,0,
tgat3.value_innovation.analytical.enough_information,tgat3,ตัดสินว่าข้อมูลที่มีพอจะสรุปหรือยัง,todo,todo,none,none,0,
tgat3.value_innovation.analytical.fact_vs_opinion,tgat3,แยกข้อเท็จจริงออกจากความคิดเห็น,todo,todo,none,none,0,
tgat3.value_innovation.analytical.root_cause,tgat3,หาสาเหตุที่แท้จริงของปัญหา,todo,todo,none,none,0,
tgat3.value_innovation.innovation.evaluate_new_idea,tgat3,ประเมินว่าไอเดียใหม่คุ้มความเสี่ยงหรือไม่,todo,todo,none,none,0,
tgat3.value_innovation.innovation.opportunity_from_problem,tgat3,มองเห็นโอกาสจากปัญหาเดิม,todo,todo,none,none,0,
tgat3.value_innovation.problem_solving.communicate_solution,tgat3,สื่อสารกับผู้เกี่ยวข้องระหว่างแก้ปัญหา,todo,todo,none,none,0,
tgat3.value_innovation.problem_solving.feasible_solution,tgat3,เลือกทางแก้ที่ทำได้จริงในเงื่อนไขที่มี,todo,todo,none,none,0,
tgat3.value_innovation.problem_solving.prioritise,tgat3,จัดลำดับความสำคัญเมื่องานชนกัน,todo,todo,none,none,0,
thai.language_use.idiom_royal.idiom,thai,สำนวน คำพังเพย และสุภาษิต,todo,todo,none,none,0,
thai.language_use.idiom_royal.royal,thai,ราชาศัพท์และคำสุภาพ,todo,todo,none,none,0,
thai.language_use.sentence_level.register,thai,ระดับภาษาและการเลือกใช้ให้เหมาะกับโอกาส,todo,todo,none,none,0,
thai.language_use.sentence_level.sentence,thai,ชนิดของประโยคและการใช้ประโยคให้ถูกต้อง,todo,todo,none,none,0,
thai.language_use.spelling_word.spelling,thai,การสะกดคำที่มักเขียนผิด,todo,todo,none,none,0,
thai.language_use.spelling_word.transliteration,thai,คำทับศัพท์และการเขียนคำยืม,todo,todo,none,none,0,
thai.language_use.spelling_word.word_choice,thai,การใช้คำให้ถูกความหมายและบริบท,todo,todo,none,none,0,
thai.reading.comprehension.detail,thai,หาข้อมูลเฉพาะจุดในบทอ่าน,todo,todo,none,none,0,
thai.reading.comprehension.main_idea,thai,จับใจความสำคัญและตั้งชื่อเรื่อง,todo,todo,none,none,0,
thai.reading.interpretation.infer,thai,อนุมานสิ่งที่ไม่ได้เขียนตรง ๆ,todo,todo,none,none,0,
thai.reading.interpretation.interpret,thai,ตีความถ้อยคำและข้อความ,todo,todo,none,none,0,
thai.reading.purpose_tone.purpose,thai,วิเคราะห์จุดประสงค์ของผู้เขียน,todo,todo,none,none,0,
thai.reading.purpose_tone.tone,thai,ท่าทีและอารมณ์ของผู้เขียน,todo,todo,none,none,0,
thai.speak_listen.analyse_purpose.infer_message,thai,การตีความและอนุมานสาร,todo,todo,none,none,0,
thai.speak_listen.analyse_purpose.speaker_purpose,thai,จุดประสงค์ของผู้พูดและผู้ส่งสาร,todo,todo,none,none,0,
thai.speak_listen.question_answer.appropriate,thai,การถามและตอบให้เหมาะกับสถานการณ์,todo,todo,none,none,0,
thai.speak_listen.question_answer.politeness,thai,ระดับความสุภาพในการสนทนา,todo,todo,none,none,0,
thai.writing.order_compose.essay_structure,thai,โครงสร้างเรียงความและการเปิด-ปิดเรื่อง,todo,todo,none,none,0,
thai.writing.order_compose.sentence_order,thai,เรียงลำดับข้อความให้เป็นย่อหน้า,todo,todo,none,none,0,
thai.writing.persuasion.argument,thai,การโต้แย้งและการหักล้าง,todo,todo,none,none,0,
thai.writing.persuasion.persuade,thai,การโน้มน้าวใจและกลวิธีทางภาษา,todo,todo,none,none,0,
thai.writing.persuasion.viewpoint,thai,การแสดงทรรศนะและการสนับสนุนความเห็น,todo,todo,none,none,0,
thai.writing.style.description,thai,การพรรณนาและการเลือกใช้ถ้อยคำ,todo,todo,none,none,0,
thai.writing.style.reasoning,thai,การใช้เหตุผลในงานเขียน,todo,todo,none,none,0,
tpat2.dance.body.basic_movement,tpat2,พื้นฐานการเคลื่อนไหวร่างกาย,todo,todo,none,none,0,
tpat2.dance.body.preparation,tpat2,การเตรียมพร้อมร่างกายเพื่อปฏิบัตินาฏศิลป์,todo,todo,none,none,0,
tpat2.dance.gesture.convey_meaning,tpat2,การสื่อความหมาย,todo,todo,none,none,0,
tpat2.dance.gesture.facial_expression,tpat2,การแสดงออกทางสีหน้าแววตา,todo,todo,none,none,0,
tpat2.dance.gesture.negative_emotion,tpat2,อารมณ์ความรู้สึกเชิงลบ เช่น เสียใจ เจ็บปวด สิ้นหวัง,todo,todo,none,none,0,
tpat2.dance.gesture.positive_emotion,tpat2,อารมณ์ความรู้สึกเชิงบวก เช่น ดีใจ มีความสุข เบิกบาน,todo,todo,none,none,0,
tpat2.dance.improvise.before_show,tpat2,การแก้ไขสถานการณ์ก่อนการแสดง,todo,todo,none,none,0,
tpat2.dance.improvise.during_show,tpat2,การแก้ไขสถานการณ์ระหว่างการแสดง,todo,todo,none,none,0,
tpat2.dance.space.direction,tpat2,ทิศทาง,todo,todo,none,none,0,
tpat2.dance.space.level,tpat2,ระดับ,todo,todo,none,none,0,
tpat2.dance.space.movement_formation,tpat2,การเคลื่อนที่และแปรแถว,todo,todo,none,none,0,
tpat2.dance.space.size,tpat2,ขนาด,todo,todo,none,none,0,
tpat2.dance.space.use_of_space,tpat2,การใช้พื้นที่,todo,todo,none,none,0,
tpat2.foundation.choose_section,tpat2,เลือกว่าต้องสอบส่วนไหนและเตรียมอย่างไร,todo,todo,none,none,0,
tpat2.foundation.exam_format_time,tpat2,รูปแบบข้อสอบและการบริหารเวลา,todo,todo,none,none,0,
tpat2.music.context.history_literature,tpat2,ประวัติและวรรณคดีดนตรี,todo,todo,none,none,0,
tpat2.music.context.instruments,tpat2,เครื่องดนตรีและแหล่งกำเนิดของเสียง,todo,todo,none,none,0,
tpat2.music.context.listening_levels,tpat2,ระดับของการฟัง,todo,todo,none,none,0,
tpat2.music.context.music_and_society,tpat2,ความเข้าใจความสัมพันธ์ระหว่างดนตรีกับสังคมและการประยุกต์ใช้ดนตรีในชีวิต,todo,todo,none,none,0,
tpat2.music.context.practice_principles,tpat2,หลักในการปฏิบัติทักษะดนตรี,todo,todo,none,none,0,
tpat2.music.elements.form,tpat2,รูปแบบ (Form),todo,todo,none,none,0,
tpat2.music.elements.harmony,tpat2,เสียงประสาน (Harmony),todo,todo,none,none,0,
tpat2.music.elements.melody,tpat2,ทำนอง (Melody),todo,todo,none,none,0,
tpat2.music.elements.rhythm,tpat2,จังหวะ (Rhythm),todo,todo,none,none,0,
tpat2.music.elements.sound_quality,tpat2,ลักษณะของเสียง,todo,todo,none,none,0,
tpat2.music.elements.texture,tpat2,รูปพรรณ (Texture),todo,todo,none,none,0,
tpat2.music.elements.tone_color,tpat2,สีสันของเสียง (Tone Color),todo,todo,none,none,0,
tpat2.visual.applied.choose_media,tpat2,การเลือกใช้อุปกรณ์ที่เหมาะสมในการสร้างสรรค์งานทัศนศิลป์,todo,todo,none,none,0,
tpat2.visual.applied.everyday_art,tpat2,ความรู้รอบตัวเกี่ยวกับทัศนศิลป์ในชีวิตประจำวัน,todo,todo,none,none,0,
tpat2.visual.applied.local_wisdom,tpat2,การนำศิลปะ ศิลปวัฒนธรรม ภูมิปัญญาท้องถิ่นมาประยุกต์ใช้ในชีวิตประจำวัน,todo,todo,none,none,0,
tpat2.visual.core.appreciation,tpat2,การเห็นคุณค่าและสามารถถ่ายทอดความรู้สึกที่มีต่องานทัศนศิลป์,todo,todo,none,none,0,
tpat2.visual.core.critique,tpat2,การวิเคราะห์ วิพากษ์ วิจารณ์งานทัศนศิลป์,todo,todo,none,none,0,
tpat2.visual.core.design_composition,tpat2,หลักการออกแบบและการจัดองค์ประกอบศิลป์,todo,todo,none,none,0,
tpat2.visual.core.history_culture,tpat2,ความเข้าใจความสัมพันธ์ระหว่างทัศนศิลป์ ประวัติศาสตร์และวัฒนธรรม,todo,todo,none,none,0,
tpat3.aptitude.mechanical.energy_intuition,tpat3,งาน พลังงาน และการอนุรักษ์พลังงานเชิงสังเกต,todo,todo,none,none,0,
tpat3.aptitude.mechanical.fluid_pressure,tpat3,ของไหลและความดัน,todo,todo,none,none,0,
tpat3.aptitude.mechanical.force_equilibrium,tpat3,แรงและสมดุลของวัตถุ,todo,todo,none,none,0,
tpat3.aptitude.mechanical.gear_trains,tpat3,ระบบเฟือง ทิศการหมุนและอัตราทด,todo,done,none,none,12,
tpat3.aptitude.mechanical.lever_moment,tpat3,คาน โมเมนต์ และจุดหมุน,todo,todo,none,none,0,
tpat3.aptitude.mechanical.linkage_transmission,tpat3,กลไกส่งกำลัง สายพาน และข้อต่อ,todo,todo,none,none,0,
tpat3.aptitude.mechanical.pulley_systems,tpat3,ระบบรอกและการได้เปรียบเชิงกล,todo,todo,none,none,0,
tpat3.aptitude.numerical.estimation_engineering,tpat3,ประมาณค่าและตรวจความสมเหตุสมผลเชิงวิศวกรรม,todo,todo,none,none,0,
tpat3.aptitude.numerical.number_grid,tpat3,ตารางตัวเลขที่ต้องหาค่าที่หายไป,todo,done,none,none,12,
tpat3.aptitude.spatial.paper_fold_punch,tpat3,พับกระดาษแล้วเจาะรู หาตำแหน่งรูเมื่อคลี่ออก,todo,done,none,none,12,
tpat3.aptitude.spatial.shadow_projection,tpat3,เงาและภาพฉายของวัตถุสามมิติ,todo,todo,none,none,0,
tpat3.foundation.exam_format_time,tpat3,รูปแบบข้อสอบและการบริหารเวลา 70 ข้อใน 180 นาที,todo,todo,none,none,0,
tpat3.foundation.force_vector_basics,tpat3,แรงและเวกเตอร์เบื้องต้น,todo,todo,none,none,0,
tpat3.foundation.physics_quantities,tpat3,หน่วยและปริมาณทางฟิสิกส์ที่ต้องรู้,todo,todo,none,none,0,
tpat3.foundation.read_mechanism_diagram,tpat3,อ่านแผนภาพกลไกและสัญลักษณ์,todo,todo,none,none,0,
tpat3.thinking.current_awareness.bio_health,tpat3,ชีวการแพทย์และสุขภาพในข่าว,todo,todo,none,none,0,
tpat3.thinking.current_awareness.emerging_tech,tpat3,เทคโนโลยีที่กำลังมีบทบาท,todo,todo,none,none,0,
tpat3.thinking.current_awareness.energy_environment,tpat3,พลังงานและสิ่งแวดล้อมในข่าว,todo,todo,none,none,0,
tpat3.thinking.current_awareness.how_to_follow,tpat3,วิธีติดตามข่าววิทยาศาสตร์ให้ทันสอบ,todo,todo,none,none,0,
tpat3.thinking.current_awareness.physics_materials,tpat3,ฟิสิกส์และวัสดุในข่าว,todo,todo,none,none,0,
tpat3.thinking.sci_engineering.design_tradeoff,tpat3,เลือกทางออกเชิงวิศวกรรมเมื่อมีข้อจำกัด,todo,todo,none,none,0,
tpat3.thinking.sci_engineering.experiment_control,tpat3,ออกแบบการทดลองและตัวแปรควบคุม,todo,todo,none,none,0,
tpat3.thinking.sci_engineering.geometry_measurement,tpat3,พื้นที่ ปริมาตร และการวัดเชิงประยุกต์,todo,todo,none,none,0,
tpat3.thinking.sci_engineering.proportional_reasoning,tpat3,การแปรผันตรงและแปรผันผกผัน,todo,todo,none,none,0,
tpat3.thinking.sci_engineering.sanity_check,tpat3,ตรวจว่าคำตอบสมเหตุสมผลก่อนตอบ,todo,todo,none,none,0,
tpat3.thinking.sci_engineering.work_rate,tpat3,โจทย์อัตราการทำงานเชิงวิศวกรรม,todo,todo,none,none,0,
tpat4.art_design.branches,tpat4,สถาปัตยกรรม ภูมิสถาปัตยกรรม และสถาปัตยกรรมภายใน ต่างกันอย่างไร,todo,todo,none,none,0,
tpat4.art_design.design_principles,tpat4,หลักการออกแบบและการจัดองค์ประกอบ,todo,todo,none,none,0,
tpat4.art_design.notable_works,tpat4,งานสถาปัตยกรรมที่ควรรู้จักและบริบทของยุคสมัย,todo,todo,none,none,0,
tpat4.art_design.space_function,tpat4,ความสัมพันธ์ระหว่างพื้นที่ใช้สอยกับการใช้งาน,todo,todo,none,none,0,
tpat4.color_aesthetics.aesthetic_principles,tpat4,หลักความงาม สัดส่วน จังหวะ และสมดุล,todo,todo,none,none,0,
tpat4.color_aesthetics.color_in_architecture,tpat4,การใช้สีในงานสถาปัตยกรรมและพื้นที่ภายใน,todo,todo,none,none,0,
tpat4.color_aesthetics.color_theory,tpat4,วงจรสี คู่สี และโทนสี,todo,todo,none,none,0,
tpat4.foundation.exam_priority,tpat4,รูปแบบข้อสอบและการจัดลำดับความสำคัญ,todo,todo,none,none,0,
tpat4.foundation.vocabulary,tpat4,ศัพท์และสัญลักษณ์พื้นฐานทางสถาปัตยกรรม,todo,todo,none,none,0,
tpat4.spatial.build_3d_from_2d,tpat4,สร้างภาพสามมิติในหัวจากแบบสองมิติ,todo,todo,none,none,0,
tpat4.spatial.orthographic,tpat4,อ่านแบบผัง รูปด้าน และรูปตัด,todo,todo,none,none,0,
tpat4.spatial.scale_proportion,tpat4,มาตราส่วนและสัดส่วนของที่ว่าง,todo,todo,none,none,0,
tpat4.spatial.volume_form,tpat4,ปริมาตร รูปทรง และที่ว่างระหว่างมวล,todo,todo,none,none,0,
tpat4.structure.building_systems,tpat4,งานระบบพื้นฐาน ไฟฟ้า สุขาภิบาล และการระบายอากาศ,todo,todo,none,none,0,
tpat4.structure.load_path,tpat4,แรงและการถ่ายน้ำหนักลงสู่ฐานราก,todo,todo,none,none,0,
tpat4.structure.materials,tpat4,วัสดุก่อสร้างและคุณสมบัติที่เลือกใช้,todo,todo,none,none,0,
tpat4.structure.structural_elements,tpat4,องค์ประกอบของโครงสร้าง เสา คาน พื้น และฐานราก,todo,todo,none,none,0,
tpat4.structure.structure_types,tpat4,ประเภทและลักษณะของโครงสร้าง,todo,todo,none,none,0,
tpat5.basic.analytical.diagnose_learning_problem,tpat5,วิเคราะห์ว่านักเรียนติดขัดที่จุดไหน,todo,todo,none,none,0,
tpat5.basic.analytical.interpret_classroom_data,tpat5,ตีความข้อมูลผลการเรียนก่อนสรุป,todo,todo,none,none,0,
tpat5.basic.communication.explain_to_learner,tpat5,อธิบายเรื่องยากให้ผู้เรียนเข้าใจ,todo,todo,none,none,0,
tpat5.basic.communication.listen_and_clarify,tpat5,ฟังและถามย้อนให้ชัดก่อนตอบ,todo,todo,none,none,0,
tpat5.basic.infotech.choose_tool_for_purpose,tpat5,เลือกเครื่องมือดิจิทัลให้ตรงกับจุดประสงค์การสอน,todo,todo,none,none,0,
tpat5.basic.infotech.digital_safety_ethics,tpat5,ความปลอดภัยและจริยธรรมดิจิทัลในห้องเรียน,todo,todo,none,none,0,
tpat5.basic.infotech.evaluate_information,tpat5,ประเมินความน่าเชื่อถือของข้อมูลออนไลน์,todo,todo,none,none,0,
tpat5.basic.self_others.teacher_self_regulation,tpat5,จัดการอารมณ์ตนเองเมื่ออยู่หน้าห้อง,todo,todo,none,none,0,
tpat5.basic.self_others.understand_learner_difference,tpat5,เข้าใจความต่างของผู้เรียนแต่ละคน,todo,todo,none,none,0,
tpat5.basic.thinking_learning.design_activity,tpat5,ออกแบบกิจกรรมให้ตรงกับเป้าการเรียนรู้,todo,todo,none,none,0,
tpat5.basic.thinking_learning.reflect_and_improve,tpat5,ทบทวนและปรับการสอนจากผลที่เกิดขึ้น,todo,todo,none,none,0,
tpat5.basic.thinking_learning.set_learning_goal,tpat5,ตั้งเป้าการเรียนรู้ที่วัดได้,todo,todo,none,none,0,
tpat5.characteristics.accept_others.handle_conflict_in_class,tpat5,จัดการความขัดแย้งระหว่างผู้เรียน,todo,todo,none,none,0,
tpat5.characteristics.accept_others.include_every_learner,tpat5,ดูแลให้ผู้เรียนทุกคนมีที่ในห้องเรียน,todo,todo,none,none,0,
tpat5.characteristics.creativity_leadership.encourage_creativity,tpat5,เปิดพื้นที่ให้ผู้เรียนคิดต่างและลองผิด,todo,todo,none,none,0,
tpat5.characteristics.creativity_leadership.grow_student_leaders,tpat5,ส่งเสริมให้ผู้เรียนได้นำและรับผิดชอบ,todo,todo,none,none,0,
tpat5.characteristics.human_relations.work_with_colleagues,tpat5,ทำงานร่วมกับเพื่อนครูและผู้บริหาร,todo,todo,none,none,0,
tpat5.characteristics.human_relations.work_with_parents,tpat5,สื่อสารกับผู้ปกครองเมื่อมีเรื่องต้องแจ้ง,todo,todo,none,none,0,
tpat5.characteristics.lifelong_learning.keep_learning,tpat5,พัฒนาตนเองต่อเนื่องหลังเป็นครูแล้ว,todo,todo,none,none,0,
tpat5.characteristics.lifelong_learning.share_with_others,tpat5,แบ่งปันความรู้และวิธีสอนกับเพื่อนครู,todo,todo,none,none,0,
tpat5.characteristics.responsibility.fair_assessment,tpat5,ให้คะแนนและตัดสินอย่างเป็นธรรม,todo,todo,none,none,0,
tpat5.characteristics.responsibility.own_up_to_mistake,tpat5,ยอมรับความผิดพลาดของตนเองและแก้ไข,todo,todo,none,none,0,
tpat5.foundation.judgement_for_teaching,tpat5,เกณฑ์ตัดสินตัวเลือกในบริบทห้องเรียน,todo,todo,none,none,0,
tpat5.foundation.time_management,tpat5,บริหารเวลา 100 ข้อใน 180 นาที,todo,todo,none,none,0,
tpat5.foundation.what_exam_looks_for,tpat5,ข้อสอบนี้มองหาอะไรในตัวครู,todo,todo,none,none,0,
